<?xml version="1.0" encoding="utf-8" ?>
<topictemplate>
 <topic type="normal">
  <add tag="head" pos="endbefore" >
   <![CDATA["<script type=\"text/javascript\" language=\"javascript1.2\" src=\"";SF_MESSAGE_JS;"\" charset="utf-8"></script>
<script type=\"text/javascript\" language=\"javascript\" src=\"";SF_VERSION_JS;"\" charset="utf-8"></script>
<script type=\"text/javascript\" language=\"javascript1.2\" src=\"";SF_UTILS_JS;"\" charset="utf-8"></script>
<script type=\"text/javascript\" language=\"javascript1.2\" src=\"";SF_PROXY_JS ;"\" charset="utf-8"></script>
<script type=\"text/javascript\" language=\"javascript1.2\" src=\"";SF_LANGUAGE_JS;"\" charset="utf-8"></script>
<script type=\"text/javascript\" language=\"javascript1.2\" src=\"";SF_TOPIC_JS;"\" charset="utf-8"></script>

";]]>
  </add>
  <add tag="body" pos="beginafter">
    <![CDATA["<script type=\"text/javascript\" language=\"javascript1.2\">
<!--
if (window.gbWhTopic)
{
	var strUrl = document.location.href;
	var bc = 0;
	var n = strUrl.toLowerCase().indexOf(\"bc-\");
	if(n != -1)
	{
		document.location.href = strUrl.substring(0, n);
		bc = strUrl.substring(n+3);
	}

	if (window.addTocInfo)
	{
	";
	  OutputInTopicNavBarDataToc("addTocInfo(\"%s\");\r\n");
	  OutputInTopicNavBarDataBrowse("addAvenueInfo(\"%s\",\"%s\",\"%s\");\r\n");
	  OutputInTopicNavBarDataButtons("addButton(%s);\r\n");
	"
	}
	if (window.writeBtnStyle)
		writeBtnStyle();

	if (window.writeIntopicBar)
		writeIntopicBar(";WH_WEBSKIN.topic.bar.top.pos;");

	
	";
	OutputInTopicDataTopBreadcrumbs("%s\r\n");
	"
}
else
	if (window.gbIE4)
		document.location.reload();

onLoadHandler = function()
{
  if (window.setRelStartPage)
	{
	";
	  OutputInTopicNavBarDataHomePage("setTimeout(\"setRelStartPage('%s');\", 1)\r\n");
	  OutputInTopicNavBarDataWebSearch.href("addSearchFormHref(\"%s\");\r\n");
	"
    setTimeout(\"UpdateBreadCrumbsMarker();\", 1);
	}
}

if (window.addEventListener){  
	window.addEventListener('load', onLoadHandler, false);   
} else if (window.attachEvent){  
	window.attachEvent('onload', onLoadHandler);  
}

function onSetStartPage()
{
  autoSync(";WH_USER_OPTIONS.autosync_toc;");
  sendSyncInfo();
  sendAveInfoOut();
}
//-->
</script>"]]>	
  </add>
  <add tag="body" pos="endbefore">
   <![CDATA["<script type=\"text/javascript\" language=\"javascript1.2\">
<!--
if (window.writeIntopicBar)
	writeIntopicBar(";WH_WEBSKIN.topic.bar.bottom.pos;");

";
 OutputInTopicDataBottomBreadcrumbs("%s\r\n");
"
highlightSearch();
//-->
</script>";
OutputInTopicNavBarDataWebSearch.form();]]>	
  </add>
 </topic>
 <topic type="frameset">
  <add tag="head" pos="endbefore" >
   <![CDATA["<script type=\"text/javascript1.2\" language=\"javascript\" src=\"";SF_MESSAGE_JS;"\" charset="utf-8"></script>
<script type=\"text/javascript\" language=\"javascript\" src=\"";SF_VERSION_JS;"\" charset="utf-8"></script>
<script type=\"text/javascript\" language=\"javascript1.2\" src=\"";SF_UTILS_JS;"\" charset="utf-8"></script>
<script type=\"text/javascript\" language=\"javascript1.2\" src=\"";SF_PROXY_JS ;"\" charset="utf-8"></script>
<script type=\"text/javascript\" language=\"javascript1.2\" src=\"";SF_FRAMESET_JS;"\" charset="utf-8"></script>
<script type=\"text/javascript\" language=\"javascript1.2\">
<!--
"; 
  OutputInTopicNavBarDataToc("addTocInfo(\"%s\");\r\n");
  OutputInTopicNavBarDataBrowse("addAvenueInfo(\"%s\",\"%s\",\"%s\");\r\n");
"

window.onload = function()
{
	if (window.setRelStartPage)
	{	
	  ";
	  OutputInTopicNavBarDataHomePage("setTimeout(\"setRelStartPage('%s');\", 1)\r\n");
	  "
	}	
}

function onSetStartPage()
{
	if (window.autoSync)
		autoSync(";WH_USER_OPTIONS.autosync_toc;");
}
//-->
</script>
";]]>
  </add>
 </topic>
</topictemplate>
