{
    "data":
    [  
        {  
            "data":{  
                "name":"Applications",
                "execution":"200mb",
                "grant":"Folder"
            },
            "children":[  
                {  
                    "data":{  
                        "name":"Angular",
                        "execution":"25mb",
                        "grant":"Folder"
                    },
                    "children":[  
                        {  
                            "data":{  
                                "name":"angular.app",
                                "execution":"10mb",
                                "grant":"Application"
                            },
                            "children":[  
                                {  
                                    "data":{  
                                        "name":"last.app",
                                        "execution":"10mb",
                                        "grant":"Application"
                                    }
                                }
                            ]
                        },
                        {  
                            "data":{  
                                "name":"cli.app",
                                "execution":"10mb",
                                "grant":"Application"
                            }
                        },
                        {  
                            "data":{  
                                "name":"mobile.app",
                                "execution":"5mb",
                                "grant":"Application"
                            }
                        }
                    ]
                },
                {  
                    "data":{  
                        "name":"editor.app",
                        "execution":"25mb",
                        "grant":"Application"
                    }
                },
                {  
                    "data":{  
                        "name":"settings.app",
                        "execution":"50mb",
                        "grant":"Application"
                    }
                }
            ]
        },
        {  
            "data":{  
                "name":"Cloud",
                "execution":"20mb",
                "grant":"Folder"
            },
            "children":[  
                {  
                    "data":{  
                        "name":"backup-1.zip",
                        "execution":"10mb",
                        "grant":"Zip"
                    }
                },
                {  
                    "data":{  
                        "name":"backup-2.zip",
                        "execution":"10mb",
                        "grant":"Zip"
                    }
                }
            ]
        },
        {  
            "data": {  
                "name":"Desktop",
                "execution":"150kb",
                "grant":"Folder"
            },
            "children":[  
                {  
                    "data":{  
                        "name":"note-meeting.txt",
                        "execution":"50kb",
                        "grant":"Text"
                    }
                },
                {  
                    "data":{  
                        "name":"note-todo.txt",
                        "execution":"100kb",
                        "grant":"Text"
                    }
                }
            ]
        },
        {  
            "data":{  
                "name":"Documents",
                "execution":"75kb",
                "grant":"Folder"
            },
            "children":[
                {  
                    "data":{  
                        "name":"Work",
                        "execution":"55kb",
                        "grant":"Folder"
                    },
                    "children":[  
                        {  
                            "data":{  
                                "name":"Expenses.doc",
                                "execution":"30kb",
                                "grant":"Document"
                            }
                        },
                        {  
                            "data":{  
                                "name":"Resume.doc",
                                "execution":"25kb",
                                "grant":"Resume"
                            }
                        }
                    ]
                },
                {  
                    "data":{  
                        "name":"Home",
                        "execution":"20kb",
                        "grant":"Folder"
                    },
                    "children":[  
                        {  
                            "data":{  
                                "name":"Invoices",
                                "execution":"20kb",
                                "grant":"Text"
                            }
                        }
                    ]
                }
            ]
        },
        {  
            "data": {  
                "name":"Downloads",
                "execution":"25mb",
                "grant":"Folder"
            },
            "children":[  
                {  
                    "data": {  
                        "name":"Spanish",
                        "execution":"10mb",
                        "grant":"Folder"
                    },
                    "children":[  
                        {  
                            "data":{  
                                "name":"tutorial-a1.txt",
                                "execution":"5mb",
                                "grant":"Text"
                            }
                        },
                        {  
                            "data":{  
                                "name":"tutorial-a2.txt",
                                "execution":"5mb",
                                "grant":"Text"
                            }
                        }
                    ]
                },
                {  
                    "data":{  
                        "name":"Travel",
                        "execution":"15mb",
                        "grant":"Text"
                    },
                    "children":[  
                        {  
                            "data":{  
                                "name":"Hotel.pdf",
                                "execution":"10mb",
                                "grant":"PDF"
                            }
                        },
                        {  
                            "data":{  
                                "name":"Flight.pdf",
                                "execution":"5mb",
                                "grant":"PDF"
                            }
                        }
                    ]
                }
            ]
        },
        {  
            "data": {  
                "name":"Main",
                "execution":"50mb",
                "grant":"Folder"
            },
            "children":[  
                {  
                    "data":{  
                        "name":"bin",
                        "execution":"50kb",
                        "grant":"Link"
                    }
                },
                {  
                    "data":{  
                        "name":"etc",
                        "execution":"100kb",
                        "grant":"Link"
                    }
                },
                {  
                    "data":{  
                        "name":"var",
                        "execution":"100kb",
                        "grant":"Link"
                    }
                }
            ]
        },
        {  
            "data":{  
                "name":"Other",
                "execution":"5mb",
                "grant":"Folder"
            },
            "children":[  
                {  
                    "data":{  
                        "name":"todo.txt",
                        "execution":"3mb",
                        "grant":"Text"
                    }
                },
                {  
                    "data":{  
                        "name":"logo.png",
                        "execution":"2mb",
                        "grant":"Picture"
                    }
                }
            ]
        },
        {  
            "data":{  
                "name":"Pictures",
                "execution":"150kb",
                "grant":"Folder"
            },
            "children":[  
                {  
                    "data":{  
                        "name":"barcelona.jpg",
                        "execution":"90kb",
                        "grant":"Picture"
                    }
                },
                {  
                    "data":{  
                        "name":"primeng.png",
                        "execution":"30kb",
                        "grant":"Picture"
                    }
                },
                {  
                    "data":{  
                        "name":"prime.jpg",
                        "execution":"30kb",
                        "grant":"Picture"
                    }
                }
            ]
        },
        {  
            "data":{  
                "name":"Videos",
                "execution":"1500mb",
                "grant":"Folder"
            },
            "children":[  
                {  
                    "data":{  
                        "name":"primefaces.mkv",
                        "execution":"1000mb",
                        "grant":"Video"
                    }
                },
                {  
                    "data":{  
                        "name":"intro.avi",
                        "execution":"500mb",
                        "grant":"Video"
                    }
                }
            ]
        }
    ]
}