{
  "USERNAME": "Username",
  "USER_NAME": "User Name",
  "PASSWORD": "Password",
  "E6022": "User disabled successfully",
  "E6024": "User enabled successfully",
  "USERDEL": "User deleted successfully.",
  "INVEMPID": "Invalid EmployeeID",
  "NODF": "No Data found",
  "USERADD": "User added successfully",
  "PRODCONFADD": "Product added successfully",
  "USEREDIT": "Changes saved successfully",
  "FORMRESET": "Form Reset Successfully",
  "PRODCONFCLONED": "Product Cloned Successfully",
  "PRODCONFEDIT": "Product Edited Successfully",
  "PICKUP_ROUTE_ADD": "Pickup Route Added",
  "PICKUP_ROUTE_UPDATE": "Pickup Route Updated",
  "DELETE_RECORD": "Record Deleted Successfully",
  "USERACTIVATE": "User activated successfully.",
  "GROUPDEL": "Group deleted successfully.",
  "GROUPADD": "Group added successfully.",
  "NOGROUP": "Group does not exists.",
  "USERALREADYEXIST": "User is already exist",
  "USERALIVEMPNOTEXIST": "User is not exist in live",
  "COMMENTSREQUIRED": "Comments cannot be blank.",
  "LocationREQUIRED": "Location cannot be blank.",
  "INVALID_PARENT_SERVICEABILITY_CONFIG": "Please enter valid Parent Serviceability Config.",
  "INVALID_BAGGING_RULE": "Please enter valid Bagging Rule.",
  "INVALID_PARENT_PRODUCT_CONFIG_KEY": "Invalid Parent Config key",
  "INVALIDEMPID": "User Id already exist",
  "LOCATIONDIMERROR": "Selected Area/Region/Service centre already mapped with current user. Please recheck existing selection before proceed",
  "VALIDAREACODE": "Please enter valid Area Code.",
  "AREA_METRO_CITY": "Area should be a metro city",
  "VALIDSERVICECODE": "Please enter valid Service Center Code.",
  "ALREADYEXISTGROUP": "Group already exist",
  "VALID_LOC_CODE": "Please enter valid Location Code."
}
