{
  "user-management": {
    "default": [
      {
        "name": "Add",
        "value": "Alt+ N"
      },
      {
        "name": "Edit",
        "value": "Ctrl+ E"
      },
      {
        "name": "Save",
        "value": "Ctrl+ S"
      },
      {
        "name": "Delete",
        "value": "Ctrl+ C"
      },
      {
        "name": "Cancel",
        "value": "Alt+ C"
      },
      {
        "name": "Search",
        "value": "Ctrl+ F"
      },
      {
        "name": "Enable",
        "value": "ALT+ A"
      },
      {
        "name": "Disable",
        "value": "ALT+ U"
      }
    ]
  },
  "pickup": {
    "regular": {
      "search": {
        "default": [
          {
            "name": "Add",
            "value": "Alt+ N"
          },
          {
            "name": "Mass Update",
            "value": "Ctrl+ Alt + U"
          },
          {
            "name": "Search",
            "value": "Ctrl+ F"
          },
          {
            "name": "Reset",
            "value": "Ctrl+ R"
          }
        ]
      },
      "massupdate": {
        "default": [
          {
            "name": "Search",
            "value": "Ctrl+ F"
          },
          {
            "name": "Reset",
            "value": "Ctrl+ R"
          },
          {
            "name": "Save",
            "value": "Ctrl+ S"
          }
        ]
      }
    },
    "add": {
      "default": [
        {
          "name": "Save",
          "value": "Ctrl+ S"
        },
        {
          "name": "Reset",
          "value": "Ctrl+ R"
        },
        {
          "name": "Cancel",
          "value": "Alt+ C"
        },
        {
          "name": "Landmark Details",
          "value": "Alt+ L"
        }
      ]
    },
    "edit": {
      "default": [
        {
          "name": "Save",
          "value": "Ctrl+ S"
        },
        {
          "name": "Cancel",
          "value": "Alt+ C"
        },
        {
          "name": "Landmark Details",
          "value": "Alt+ L"
        }
      ]
    },
    "view": {
      "default": [
        {
          "name": "Edit",
          "value": "Ctrl+ E"
        },
        {
          "name": "Delete",
          "value": "Ctrl + D"
        }
      ]
    }
  },
  "message": {
    "add": {
      "default": [
        {
          "name": "Save",
          "value": "Ctrl+ S"
        },
        {
          "name": "Reset",
          "value": "Ctrl+ R"
        },
        {
          "name": "Cancel",
          "value": "Alt+ C"
        },
        {
          "name": "Landmark Details",
          "value": "Alt+ L"
        }
      ]
    },
    "edit": {
      "default": [
        {
          "name": "Save",
          "value": "Ctrl+ S"
        },
        {
          "name": "Cancel",
          "value": "Alt+ C"
        }
      ]
    },
    "view": {
      "default": [
        {
          "name": "Edit",
          "value": "Ctrl+ E"
        }
      ]
    },
    "default": [
      {
        "name": "Add",
        "value": "Alt+ N"
      },
      {
        "name": "Search",
        "value": "Ctrl+ F"
      },
      {
        "name": "Reset",
        "value": "Ctrl+ R"
      }
    ]
  },
  "master-query": {
    "customer": {
      "default": [
        {
          "name": "Search",
          "value": "Ctrl+ F"
        },
        {
          "name": "Reset",
          "value": "Ctrl+ R"
        }
      ]
    },
    "dhl-customer": {
      "default": [
        {
          "name": "Search",
          "value": "Ctrl+ F"
        },
        {
          "name": "Reset",
          "value": "Ctrl+ R"
        }
      ]
    }
  },
  "master": {
    "product-configuration": {
      "default": [
        {
          "name": "Add",
          "value": "ALT+ N"
        }
      ],
      "add": {
        "default": [
          {
            "name": "Save",
            "value": "CTRL + S"
          },
          {
            "name": "Cancel",
            "value": "CTRL + C"
          }
        ]
      },
      "edit": {
        "default": [
          {
            "name": "Save",
            "value": "CTRL + S"
          },
          {
            "name": "Cancel",
            "value": "CTRL + C"
          }
        ]
      },
      "view": {
        "default": [
          {
            "name": "Edit",
            "value": "CTRL + E"
          },
          {
            "name": "Delete",
            "value": "CTRL + D"
          },
          {
            "name": "Release",
            "value": "CTRL + A"
          },
          {
            "name": "History",
            "value": "CTRL + H"
          },
          {
            "name": "Clone",
            "value": "CTRL + P"
          }
        ]
      }
    }
  },
  "finders": {
    "domestic-transit": {
      "default": [
        {
          "name": "Search",
          "value": "Ctrl+ F"
        },
        {
          "name": "Reset",
          "value": "Ctrl+ R"
        },
        {
          "name": "Datewise TT",
          "value": "Alt + T"
        }
      ]
    },
    "international-transit": {
      "default": [
        {
          "name": "Search",
          "value": "Ctrl+ F"
        },
        {
          "name": "Reset",
          "value": "Ctrl+ R"
        },
        {
          "name": "Datewise TT",
          "value": "Alt + T"
        }
      ]
    },
    "volumetric-calculator": {
      "default": [
        {
          "name": "Reset",
          "value": "Ctrl+ R"
        },
        {
          "name": "Total Volume Weight",
          "value": "Ctrl+ G"
        }
      ]
    }
  },
  "sc-operations": {
    "manifest-data-pending-pickup": {
      "default": [
        {
          "name": "Search",
          "value": "Ctrl+ F"
        },
        {
          "name": "Reset",
          "value": "Ctrl+ R"
        }
      ]
    }
  }
}
