{
  "AREA": "Area",
  "AREA_CODE": "Area Code",
  "PUR_NO": "PUR No.",
  "PICKUP_DATE": "Pickup Date",
  "CLIENT_CODE": "Client Code",
  "REFERENCE_NO": "Reference No.",
  "CLIENT_NAME": "Client Name",
  "TO_PAY": "To Pay",
  "PINCODE": "Pincode",
  "ADDRESS1": "Flat, House no., Building, Company, Apartment",
  "ADDRESS2": "Area, Colony, Street, Sector, Village",
  "ADDRESS3": "Town/City",
  "MOBILE_NO": "Mobile No",
  "TELEPHONE": "Telephone",
  "EMAIL": "Email",
  "PICKUP_READY_TIME": "Pickup Ready Time",
  "PICKUP_SERIAL_NO": "Pickup Serial No",
  "OFFICE_CLOSE_TIME": "Office Close Time",
  "CONTACT_PERSON": "Contact Person",
  "CALLER_NAME": "Caller Name",
  "CALLER_PHONE": "Caller Phone",
  "GST_NO": "GST No.",
  "PIECES": "Pieces",
  "ACTUAL_WT": "Act Wt",
  "VOLUME_WT": "Volume Wt",
  "IS_REVERSE_PICKUP": "Is Reverse Pickup?",
  "SERVICE_CENTER": "Service Centre",
  "PICKUP_ROUTE": "Pickup Route",
  "REGISTER_ON_AWB": "Register On AWB",
  "PRODUCT_CODE": "Product Code",
  "FEATURES": "Features",
  "REMARKS": "Remarks",
  "REMINDERS": "Reminders",
  "CALLED_PICKUP": "Called Pickup",
  "ADD": "Add",
  "SEARCH": "Search",
  "RESET": "Reset",
  "ADD_CALLED_PICKUP": "Add Called Pickup",
  "CANCEL": "Cancel",
  "DEMOGRAPHIC_DETAILS": "Demographic Details",
  "PRODUCT_DETAILS": "Product Details",
  "CLIENT_DETAILS": "Client Details",
  "SAVE": "Save",
  "REGULAR_SEARCH": "Regular Search",
  "ARROW_BACK_IOS": "arrow_back_ios",
  "ADD_REGULAR_PICKUP": "Add Regular Pickup",
  "PICKUP_DETAILS": "Pickup Details",
  "PICKUP_TIME": "Pickup Time",
  "PICKUP_DAYS": "Pickup Days",
  "CLIENTS_DETAILS": "Client Details",
  "TRANSACTION_CODE": "Transaction Code",
  "GSTINVOICEREQUIRED": "GST Invoice Required",
  "CASH": "Cash",
  "CHANGE_ADDRESS": "Change address",
  "EDIT": "Edit",
  "DELETE": "Delete",
  "VIEW_CALLED_PICKUP": "View Called Pickup",
  "EDIT_CALLED_PICKUP": "Edit Called Pickup",
  "REGULAR_PICKUP": "Regular Pickup",
  "VIEW_REGULAR_PICKUP": "View Regular Pickup",
  "EDIT_REGULAR_PICKUP": "Edit Regular Pickup",
  "ROUTE_CODE": "Route Code",
  "ROUTE_NAME": "Route Name",
  "NEW_DEMOGRAPHIC_DETAILS": "New Demographic Details",
  "FINDERS": "Finders",
  "DTTPRODUCT": "Product",
  "DTTSUBPRODUCT": "Sub Product",
  "ORIGINPINCODE": "Origin Pincode",
  "ORIGINAREA": "Origin Area",
  "ORIGINSERVICECENTER": "Origin SC",
  "DESTINATIONPINCODE": "Destination Pincode",
  "DESTINATIONAREA": "Destination Area",
  "DESTINATIONSERVICECENTER": "Destination SC",
  "DTTPICKUPDATE": "P/U Date",
  "PICKUPTIME": "P/U Time",
  "DATEWISETT": "Datewise TT",
  "VCSHIPMENTDETAILS": "Shipment Details",
  "VCRATEINKGS": "For SFC, 1 CFT rate (in kgs)",
  "CUSTOMERAREA": "Customer Area",
  "CUSTOMERCODE": "Code",
  "UNIT": "Unit",
  "PACKAGEDIMENSIONS": "Package Dimensions",
  "CALCULATE": "Calculate",
  "INDIAORIGIN": "India Origin",
  "COUNTRYCODE": "Country Code",
  "COUNTRY_CODE_LABEL": "Country #",
  "COUNTRYNAME": "Country Name",
  "CITYCODE": "City Code",
  "CITY_CODE_LABEL": "City #",
  "CITYNAME": "City Name",
  "CITYPINCODE": "City Pincode",
  "EDL": "EDL",
  "REGISTRATION_DATE": "Registration Date",
  "MESSAGE_NUMBER": "Message No",
  "MESSAGE_ENTRY": "Message Entry",
  "MESSAGE_ADD": "Add Message",
  "MESSAGE_EDIT": "Edit Message",
  "MESSAGE_VIEW": "View Message",
  "MESSAGE": "Message",
  "CUSTOMER_DATA": "Customer Data",
  "DHL_CUSTOMER_DATA": "DHL Customer Data",
  "CUSTOMER_CODE": "Customer Code",
  "CUSTOMER_NAME": "Customer Name",
  "SERVICE_CENTRE_LIST": "Service Centre List",
  "HOLIDAY_FINDERS": "Holiday Finders",
  "USERNAME": "Username",
  "USER_NAME": "User Name",
  "PASSWORD": "Password",
  "EMPLOYEE_ID": "Employee Id",
  "USER_LOGIN_ID": "User Login Id",
  "LOCATION": "Location",
  "STATUS": "Status",
  "LBL_SEARCHUSER": "Search User",
  "LBL_EDITUSER": "Edit User",
  "LBL_ADDUSER": "Add User",
  "BTN_DELETE": "Delete",
  "BTN_DISABLE": "Disable",
  "BTN_ENABLE": "Enable",
  "BTN_ADD": "Add",
  "BTN_EDIT": "Edit",
  "BTN_SEARCH": "Search",
  "BTN_SAVE": "Save",
  "BTN_CANCEL": "Cancel",
  "LBL_EMP": "Employee ID",
  "LBL_USERLOGINID": "User Login ID",
  "LBL_GINFO": "Group Information",
  "LBL_EXECUTION": "Execution",
  "LBL_GRANT": "Grant",
  "LBL_RESINFO": "Resource Information",
  "LBL_SUPERCUSTOMERS": "Super Customers",
  "LBL_CUSTOMERS": "Customers",
  "LBL_LOCATIONS": "Locations",
  "LBL_PRODUCTS": "Products",
  "LBL_AREA": "AREA",
  "LBL_SERVICE_CENTER": "Service Centre",
  "BTN_ACTIVATE": "Activate",
  "LBL_CUST_CODE": "Customer Code",
  "LBL_CUST_NAME": "Customer Name",
  "LBL_CUST_AREA": "Customer Area",
  "LBL_CUST_SERVICE_CENTER": "Customer Service Centre",
  "LBL_SEARCHGROUP": "Search Group",
  "LBL_GROUP_NAME": "Group Name",
  "LBL_ID": "ID",
  "LBL_GROUP_DESC": "Group Description",
  "LBL_ADDGROUP": "Add Group",
  "LBL_EDITGROUP": "Edit Group",
  "HELP_AREA_CODE": "Help On Area Code",
  "AREA_NAME": "Area Name",
  "HELP_SERVICE_CENTRE": "Help on Service Centre Data",
  "SERVICE_CENTRE_CODE": "Service Centre Code",
  "SERVICE_CENTRE_NAME": "Service Centre Name",
  "HELP_COUNTRY_CODE": "Help on Country Code",
  "HELP_COUNTRY_NAME": "Help on Country Name",
  "HELP_CITY_CODE": "Help on City Code",
  "HELP_CITY_NAME": "Help on City Name",
  "SELECT_NOTE_TEXT": "Select from the below list to add ",
  "SUB_PRODUCT_CODE": "Sub Prod Code",
  "DEST_AREA": "Dest Area",
  "DEST_NAME": "Destination Name",
  "DEST_SC": "Dest Srv Ctr",
  "CUTOFF_TIME": "Cutoff Time",
  "MON": "Mon",
  "TUE": "Tue",
  "WED": "Wed",
  "THU": "Thu",
  "FRI": "Fri",
  "SAT": "Sat",
  "SUN": "Sun",
  "PAD": "PAD",
  "PODD_DELAY": "PODD Delay",
  "CID": "CID",
  "LOGIN_ID": "Login ID",
  "LOC": "Loc",
  "HANDHELD": "Handheld",
  "CITY": "City",
  "SUB_CITY": "Sub City",
  "PINCODE_FROM": "Pincode From",
  "PINCODE_TO": "Pincode To",
  "ON_FWD_LOC": "OnFwd Loc",
  "ADD_DAYS": "Add Days",
  "WEEKLY_HOLIDAYS": "Weekly Holidays",
  "GATEWAY": "Gateway",
  "RAS_SERVICE": "RAS Service",
  "PICKUP_DAY": "Pickup Day",
  "DESTN_AREA": "Dstn Area",
  "DETAILS": "Details",
  "SELECT_FROM_LIST": "Select from below list to have detailed view or to take action",
  "SERIAL_NO": "Serial No",
  "ADDRESS": "Address",
  "MOBILE_NUMBER": "Mobile Number",
  "ADDRESS_LINE1": "Address Line1",
  "ADDRESS_LINE2": "Address Line2",
  "ADDRESS_LINE3": "Address Line3",
  "LANDMARK": "Landmark",
  "MANIFEST_DATA_PENDING_PICKUP": "Manifest Data Pending Pickup",
  "NO_OF_DAYS": "No of days",
  "TOPCUSTOMERS": "Top Customers",
  "GROUP_CODE": "Group Code",
  "PRIMARY_DETAILS": "Primary Details",
  "LBL_SHIPPER_CODE": "Shipper Code",
  "LBL_ACTUAL_SHIPPER": "Actual Shipper",
  "LBL_ACTUAL_SHIPPER_AVAILABLE": " Actual Shipper(s) available.",
  "MSG_NOTE": "Select from the below list to have a detailed view or to take action",
  "DELETE_WARNING_NOTE": "Record will be Permanently Deleted. Click yes to proceed.",
  "SCREEN_TEXT_BULK_SHIPPER": "Bulk Shipper",
  "BULK_SHIPPER_COUNT": "Bulk Shipper(s) available.",
  "GROUP_RESP": " Group Resources"
}
