[
    {
        "addressId": "a1",
        "address1": "19 Hicks Ln, Great Neck, NY, 11024",
        "address2": "Sub address of user 1",
        "city": "Pune",
        "state": "Nevada",
        "zip": "41112",
        "addressType": "Mailing Address"
    },
    {
        "addressId": "a2",
        "address1": "Address of user 2",
        "address2": "Sub address of user 1",
        "city": "Ahmedabad",
        "state": "Florida",
        "zip": "41100",
        "addressType": "Physical Address"
    }
]