{
  "planId": "",
  "sectionId": "sectionApproval",
  "notes": [
    {
      "sectionId": "employerCompanyData",
      "sectionName": "Employer Company Data",
      "noteId": "1",
      "note": "note 1",
      "date": "1580810000",
      "createdBy": "Ankush Kokate"
    },
    {
      "sectionId": "principalsOwnerships",
      "sectionName": "Principals/Ownerships",
      "noteId": "2",
      "note": "note 2",
      "date": "1580810000",
      "createdBy": "Ankush Kokate"
    },
    {
      "sectionId": "businesses",
      "sectionName": "Businesses",
      "noteId": "3",
      "note": "note 3",
      "date": "1580810000",
      "createdBy": "Ankush Kokate"
    }
  ],
  "documents": [
    {
      "guiId": "1",
      "name": "document1",
      "documentType": "Annual Valuation report",
      "description": "This is Doc 1"
    },
    {
      "guiId": "2",
      "name": "document2",
      "documentType": "Annual Valuation report2",
      "description": "This is Doc 2"
    },
    {
      "guiId": "3",
      "name": "document3",
      "documentType": "Annual Valuation report3",
      "description": "This is Doc 3"
    }
  ]
}