{
    "planId": "",
    "sectionId": "businesses",
    "isOveride": false,
    "businesses": [
        {
            "businessId": "B1",
            "name": "Park Lab 1",
            "ein": "12-2345678",
            "phone": "123-456-7890",
            "planSponsor": "LLC - Taxed as Corporation",
            "address": "245 DIAL WAY, SAN JOSE, CA 95129",
            "isEmployees": true,
            "owners": [
                {
                    "ownerName": "Ankush",
                    "ownerPercentage": "100"
                }
            ],
            "entityType": "school",
            "datePurchase": 1566212285000,
            "city": "Ahmedabad",
            "state": "Florida",
            "zip": "38200",
            "isPlanSponsored": false
        },
        {
            "businessId": "B2",
            "name": "Park Lab 2",
            "ein": "01-2345678",
            "phone": "456-789-1234",
            "planSponsor": "LIC - Taxed as Corporation",
            "address": "245 DIAL WAY, HINJEWADI, PUN 95129",
            "isEmployees": true,
            "owners": [
                {
                    "ownerName": "Ankush",
                    "ownerPercentage": "100"
                },
                {
                    "ownerName": "Vishal",
                    "ownerPercentage": "100"
                }
            ],
            "entityType": "school",
            "datePurchase": 1566212285000,
            "city": "Mumbai",
            "state": "Texas",
            "zip": "41100",
            "isPlanSponsored": true
        }
    ]
}