{
   "communicationMessageCount":{
      "totalMessageCount":2000,
      "availableMessageCount":500,
      "unreadMessageCount":4,
      "newMessageCount":2
   },
   "communicationMessages":[
    {
       "messageId":1,
       "threadId":1,
       "messageCount":1,
       "isNew":true,
       "isRead":false,
       "from":"John Doe",
       "to":[
          {
             "threadId":1,
             "messageId":1,
             "id":1,
             "name":"Test 1",
             "mailId":"test1@test.com"
          }
       ],
       "subject":"Please send a signed copy.",
       "communicationDateTime":"2019-12-24T04:30:48.7322005-05:00",
       "planName":"ABC 401K company",
       "category":"Tax Forms",
       "message":"Hi Hello",
       "files":[
          {
             "threadId":0,
             "messageId":1,
             "id":"7656433wewefwewergfwwf34423r32",
             "name":"Test11.xmls",
             "link":null
          },
          {
             "threadId":0,
             "messageId":1,
             "id":"134567wewefwewergfwwf3442dasdasd32",
             "name":"Test12.xmls",
             "link":null
          }
       ],
       "note":"Test Notes",
       "hasAction":true
    },
    {
       "messageId":12,
       "threadId":2,
       "messageCount":5,
       "isNew":false,
       "isRead":true,
       "from":"John Doe",
       "to":[
          {
             "threadId":2,
             "messageId":12,
             "id":2,
             "name":"Travis Bradtke",
             "mailId":"travis@email.com"
          },
          {
             "threadId":2,
             "messageId":12,
             "id":3,
             "name":"Jason V. Canter",
             "mailId":"jason_canter@email.com"
          },
          {
             "threadId":2,
             "messageId":12,
             "id":4,
             "name":"Michale M. Munro",
             "mailId":"michale_munro@email.com"
          },
          {
             "threadId":2,
             "messageId":12,
             "id":5,
             "name":"Alvaro L. Hurley",
             "mailId":"alvaro_hurley@email.com"
          }
       ],
       "subject":"Please send a signed copy.",
       "communicationDateTime":"2019-12-24T04:30:48.7370657-05:00",
       "planName":"ABC 401K company",
       "category":"Tax Forms",
       "message":"",
       "files":[
          {
             "threadId":0,
             "messageId":1,
             "id":"23432wewefwewergfwwf34423r32",
             "name":"Test12_21.xmls",
             "link":null
          },
          {
             "threadId":0,
             "messageId":1,
             "id":"56543243wewefwewergfwwf3442dasdasd32",
             "name":"Test12_22.xmls",
             "link":null
          }
       ],
       "note":"Test Notes",
       "hasAction":true
    },
    {
       "messageId":13,
       "threadId":2,
       "messageCount":5,
       "isNew":true,
       "isRead":true,
       "from":"John Doe",
       "to":[
          {
             "threadId":2,
             "messageId":12,
             "id":6,
             "name":"Travis Bradtke",
             "mailId":"travis@email.com"
          },
          {
             "threadId":2,
             "messageId":12,
             "id":7,
             "name":"Jason V. Canter",
             "mailId":"jason_canter@email.com"
          }
       ],
       "subject":"Please send a signed copy.",
       "communicationDateTime":"2019-12-24T04:30:48.7370717-05:00",
       "planName":"ABC 401K company",
       "category":"Tax Forms",
       "message":"Hi Hello",
       "files":[
          {
             "threadId":0,
             "messageId":1,
             "id":"566wewefwewergfwwf34423r32",
             "name":"Test13_21.xmls",
             "link":null
          },
          {
             "threadId":0,
             "messageId":1,
             "id":"43452342wewefwewergfwwf3442dasdasd32",
             "name":"Test13_22.xmls",
             "link":null
          }
       ],
       "note":"Test Notes",
       "hasAction":true
    },
    {
       "messageId":14,
       "threadId":2,
       "messageCount":5,
       "isNew":false,
       "isRead":true,
       "from":"John Doe",
       "to":[
          {
             "threadId":2,
             "messageId":12,
             "id":8,
             "name":"Michale M. Munro",
             "mailId":"michale_munro@email.com"
          },
          {
             "threadId":2,
             "messageId":12,
             "id":9,
             "name":"Alvaro L. Hurley",
             "mailId":"alvaro_hurley@email.com"
          }
       ],
       "subject":"Please send a signed copy.",
       "communicationDateTime":"2019-12-24T04:30:48.7370732-05:00",
       "planName":"ABC 401K company",
       "category":"Tax Forms",
       "message":"Hi Hello",
       "files":[
          {
             "threadId":0,
             "messageId":1,
             "id":"8787wewefwewergfwwf34423r32",
             "name":"Test14_21.xmls",
             "link":null
          },
          {
             "threadId":0,
             "messageId":1,
             "id":"78576wewefwewergfwwf3442dasdasd32",
             "name":"Test14_22.xmls",
             "link":null
          }
       ],
       "note":"Test Notes",
       "hasAction":true
    },
    {
       "messageId":15,
       "threadId":2,
       "messageCount":5,
       "isNew":false,
       "isRead":true,
       "from":"John Doe",
       "to":[
          {
             "threadId":2,
             "messageId":12,
             "id":10,
             "name":"Jason V. Canter",
             "mailId":"jason_canter@email.com"
          },
          {
             "threadId":2,
             "messageId":12,
             "id":11,
             "name":"Michale M. Munro",
             "mailId":"michale_munro@email.com"
          }
       ],
       "subject":"Please send a signed copy.",
       "communicationDateTime":"2019-12-24T04:30:48.737074-05:00",
       "planName":"ABC 401K company",
       "category":"Tax Forms",
       "message":"Hi Hello",
       "files":[
          {
             "threadId":0,
             "messageId":1,
             "id":"23ew3efwewergfwwf34423r32",
             "name":"Test15_21.xmls",
             "link":null
          },
          {
             "threadId":0,
             "messageId":1,
             "id":"hjq3223ergfwwf3442dasdasd32",
             "name":"Test15_22.xmls",
             "link":null
          }
       ],
       "note":"Test Notes",
       "hasAction":true
    },
    {
       "messageId":16,
       "threadId":2,
       "messageCount":5,
       "isNew":false,
       "isRead":true,
       "from":"John Doe",
       "to":[
          {
             "threadId":2,
             "messageId":12,
             "id":12,
             "name":"Travis Bradtke",
             "mailId":"travis@email.com"
          },
          {
             "threadId":2,
             "messageId":12,
             "id":13,
             "name":"Jason V. Canter",
             "mailId":"jason_canter@email.com"
          }
       ],
       "subject":"Please send a signed copy.",
       "communicationDateTime":"2019-12-24T04:30:48.7370812-05:00",
       "planName":"ABC 401K company",
       "category":"Tax Forms",
       "message":"Hi Hello",
       "files":[
          {
             "threadId":0,
             "messageId":1,
             "id":"232ewesswwergfwwf34423r32",
             "name":"Test16_21.xmls",
             "link":null
          },
          {
             "threadId":0,
             "messageId":1,
             "id":"21212gfwwf3442dasdasd32",
             "name":"Test16_22.xmls",
             "link":null
          }
       ],
       "note":"Test Notes",
       "hasAction":true
    },
    {
       "messageId":13,
       "threadId":3,
       "messageCount":3,
       "isNew":false,
       "isRead":false,
       "from":"John Doe",
       "to":[
          {
             "threadId":2,
             "messageId":12,
             "id":14,
             "name":"Michale M. Munro",
             "mailId":"michale_munro@email.com"
          },
          {
             "threadId":2,
             "messageId":12,
             "id":15,
             "name":"Alvaro L. Hurley",
             "mailId":"alvaro_hurley@email.com"
          }
       ],
       "subject":"Please send a signed copy.",
       "communicationDateTime":"2019-12-24T04:30:48.7370823-05:00",
       "planName":"ABC 401K company",
       "category":"Tax Forms",
       "message":"Hi Hello",
       "files":[
          {
             "threadId":0,
             "messageId":1,
             "id":"wewe54353ewfwe234523523r32",
             "name":"Test31.xmls",
             "link":null
          },
          {
             "threadId":0,
             "messageId":1,
             "id":"wewefwqweqweq3442dasdasd32",
             "name":"Test32.xmls",
             "link":null
          }
       ],
       "note":"Test Notes",
       "hasAction":true
    },
    {
        "messageId":14,
        "threadId":3,
        "messageCount":3,
        "isNew":false,
        "isRead":false,
        "from":"John Doe",
        "to":[
           {
              "threadId":2,
              "messageId":12,
              "id":14,
              "name":"Michale M. Munro",
              "mailId":"michale_munro@email.com"
           },
           {
              "threadId":2,
              "messageId":12,
              "id":15,
              "name":"Alvaro L. Hurley",
              "mailId":"alvaro_hurley@email.com"
           }
        ],
        "subject":"Please send a signed copy.",
        "communicationDateTime":"2019-12-24T04:30:48.7370823-05:00",
        "planName":"ABC 401K company",
        "category":"Tax Forms",
        "message":"Hi Hello",
        "files":[
           {
              "threadId":0,
              "messageId":1,
              "id":"wewe54353ewfwe234523523r32",
              "name":"Test31.xmls",
              "link":null
           },
           {
              "threadId":0,
              "messageId":1,
              "id":"wewefwqweqweq3442dasdasd32",
              "name":"Test32.xmls",
              "link":null
           }
        ],
        "note":"Test Notes",
        "hasAction":true
     },
     {
        "messageId":15,
        "threadId":3,
        "messageCount":3,
        "isNew":false,
        "isRead":false,
        "from":"John Doe",
        "to":[
           {
              "threadId":2,
              "messageId":12,
              "id":14,
              "name":"Michale M. Munro",
              "mailId":"michale_munro@email.com"
           },
           {
              "threadId":2,
              "messageId":12,
              "id":15,
              "name":"Alvaro L. Hurley",
              "mailId":"alvaro_hurley@email.com"
           }
        ],
        "subject":"Please send a signed copy.",
        "communicationDateTime":"2019-12-24T04:30:48.7370823-05:00",
        "planName":"ABC 401K company",
        "category":"Tax Forms",
        "message":"Hi Hello",
        "files":[
           {
              "threadId":0,
              "messageId":1,
              "id":"wewe54353ewfwe234523523r32",
              "name":"Test31.xmls",
              "link":null
           },
           {
              "threadId":0,
              "messageId":1,
              "id":"wewefwqweqweq3442dasdasd32",
              "name":"Test32.xmls",
              "link":null
           }
        ],
        "note":"Test Notes",
        "hasAction":true
     }

 ]
}