{
    "planId": "C0PUN411T45",
    "sectionId": "Contacts",
    "contacts": [
      {
        "contactId": 43,
        "name": "Tony Porter",
        "companyName": "CH2M Hill Cos.",
        "contactInfo": [{
          "name": "Tony Porter",
          "emailId": "tonyp@email.com",
          "mobileNo": "123-456-7890",
          "workPhoneNo": "123-456-7890"
        }],
        "roles": [ "Data Request", "Accountant", "Main Contact" ],
        "rights": [ "Add/Edit/Delete Fiduciary Documents", "Administrative Forms", "Plan Documents", "View Fiduciary Documents", "Approval", "Businesses", "Contacts", "Employee Census", "Employer Census", "General Web Collection", "Principals", "Reports", "Distribution" ],
        "issues": [
          {
            "issueId": 1,
            "issue": "Temporary Note",
            "date": 1577973132582,
            "addedBy": "Firstname Lastname",
            "emailId": "abc@email.com",
            "isDeleted": false,
            "isModified": false
          },
          {
            "issueId": 2,
            "issue": "Deleted Issue",
            "date": 1577973132582,
            "addedBy": "Firstname Lastname",
            "emailId": "abc@email.com",
            "isDeleted": true,
            "isModified": false

          },
          {
            "issueId": 3,
            "issue": "Updated Issue",
            "date": 1577973132582,
            "addedBy": "Firstname Lastname",
            "emailId": "abc@email.com",
            "isDeleted": false,
            "isModified": true
          }
        ]
      },
      {
        "name": "Kathryn Moore",
        "companyName": "Genesis Health",
        "contactInfo": [{
          "name": "Kathryn Moore",
          "emailId": "kathrynp@email.com",
          "mobileNo": "123-456-7890",
          "workPhoneNo": "123-456-7890"
        }],
        "roles": [ "Data Request", "Accountant", "Main Contact" ],
        "rights": [ "Add/Edit/Delete Fiduciary Documents", "Administrative Forms", "Plan Documents", "View Fiduciary Documents", "Approval", "Businesses" ],
        "issues": [
        ]
      },
      {
        "name": "John Porter",
        "companyName": "CH2M Hill Cos.",
        "contactInfo": [{
          "name": "John Porter",
          "emailId": "Johnp@email.com",
          "mobileNo": "123-456-7890",
          "workPhoneNo": "123-456-7890"
        }],
        "roles": [ "Data Request", "Accountant", "Main Contact" ],
        "rights": [ "Add/Edit/Delete Fiduciary Documents", "Administrative Forms", "Plan Documents", "View Fiduciary Documents", "Approval", "Businesses", "Contacts", "Employee Census", "Employer Census", "General Web Collection", "Principals", "Reports", "Distribution" ],
        "issues": [
          {
            "issueId": 1,
            "issue": "Temporary Note",
            "date": 1577973132582,
            "addedBy": "Firstname Lastname",
            "emailId": "abc@email.com",
            "isDeleted": false,
            "isModified": false
          },
          {
            "issueId": 2,
            "issue": "Deleted Issue",
            "date": 1577973132582,
            "addedBy": "Firstname Lastname",
            "emailId": "abc@email.com",
            "isDeleted": true,
            "isModified": false

          }
        ]
      }
    ]
  }
