[
    {
        "planId": 30113,
        "planName": "Legion Star 401(k) Plan",
        "roles": null,
        "completedTasks": [
            {
                "startDate": "2019-01-01T00:00:00",
                "endDate": "2019-12-31T00:00:00",
                "completedDate": "2020-01-25T00:00:00",
                "id": 6,
                "name": "Dev Data Collection Task 1"
            },
            {
                "startDate": "2020-01-01T00:00:00",
                "endDate": "2020-12-31T00:00:00",
                "completedDate": "2020-01-25T00:00:00",
                "id": 12,
                "name": "Dev Data Collection Task 2"
            },
            {
                "startDate": "2019-01-01T00:00:00",
                "endDate": "2019-12-31T00:00:00",
                "completedDate": "2020-01-25T00:00:00",
                "id": 13,
                "name": "Dev Data Collection Task 3"
            }
        ]
    },
    {
        "planId": 30113,
        "planName": "Legion Star 401(k) Plan",
        "roles": null,
        "completedTasks": [
            {
                "startDate": "2019-01-01T00:00:00",
                "endDate": "2019-12-31T00:00:00",
                "completedDate": "2020-01-25T00:00:00",
                "id": 6,
                "name": "Dev Data Collection Task 1"
            },
            {
                "startDate": "2020-01-01T00:00:00",
                "endDate": "2020-12-31T00:00:00",
                "completedDate": "2020-01-25T00:00:00",
                "id": 12,
                "name": "Dev Data Collection Task 2"
            },
            {
                "startDate": "2019-01-01T00:00:00",
                "endDate": "2019-12-31T00:00:00",
                "completedDate": "2020-01-25T00:00:00",
                "id": 13,
                "name": "Dev Data Collection Task 3"
            }
        ]
    }
]