{
	"phoneNumberTypes": [{
		"value": "Business",
		"label": "Phone Number of a Business or Employer.  This type should not be associaited with a person."
	}, {
		"value": "Fax",
		"label": "Fax number"
	}, {
		"value": "Home",
		"label": "Home Phone Number"
	}, {
		"value": "Mobile",
		"label": "Mobile Phone Number"
	}, {
		"value": "Primary",
		"label": "Primary Phone Number"
	}, {
		"value": "Secondary",
		"label": "Secondary Phone Number"
	}, {
		"value": "Spouse",
		"label": "Spouse Phone Number"
	}, {
		"value": "Work",
		"label": "Work Phone Number"
	}],
	"addressTypes": [{
		"value": "Business",
		"label": "Address of a business or employer. Do not associate with a person"
	}, {
		"value": "Mailing",
		"label": "Mailing Address"
	}, {
		"value": "Permanent",
		"label": "Permanent Address"
	}, {
		"value": "Work",
		"label": "Work Address"
	}],
	"entityTypes": [{
		"value": "C Corp",
		"label": "C Corp"
	}, {
		"value": "Church",
		"label": "Church"
	}, {
		"value": "ETC",
		"label": "ETC"
	}, {
		"value": "Government",
		"label": "Government"
	}, {
		"value": "LLC",
		"label": "LLC"
	}, {
		"value": "NonProfit",
		"label": "Non-Profit"
	}, {
		"value": "Partnership",
		"label": "Partnership"
	}, {
		"value": "Private",
		"label": "Private"
	}],
	"payrollFrequencyTypes": [{
		"value": "BiWeekly",
		"label": "Bi-Weekly"
	}, {
		"value": "Monthly",
		"label": "Monthly"
	}, {
		"value": "Quarterly",
		"label": "Quarterly"
	}, {
		"value": "Weekly",
		"label": "Weekly"
	}, {
		"value": "Yearly",
		"label": "Yearly"
	}],
	"titleTypes": [{
		"value": "Admin",
		"label": "Administrator"
	}, {
		"value": "CEO",
		"label": "CEO"
	}, {
		"value": "CFO",
		"label": "CFO"
	}, {
		"value": "CTO",
		"label": "CTO"
	}],
	"states": [{
		"value": "AK",
		"label": "Alaska"
	}, {
		"value": "AL",
		"label": "Alabama"
	}, {
		"value": "AR",
		"label": "Arkansas"
	}, {
		"value": "AZ",
		"label": "Arizona"
	}, {
		"value": "CA",
		"label": "California"
	}, {
		"value": "CO",
		"label": "Colorado"
	}, {
		"value": "CT",
		"label": "Connecticut"
	}, {
		"value": "DE",
		"label": "Delaware"
	}, {
		"value": "FL",
		"label": "Florida"
	}, {
		"value": "GA",
		"label": "Georgia"
	}, {
		"value": "HI",
		"label": "Hawaii"
	}, {
		"value": "IA",
		"label": "Iowa"
	}, {
		"value": "ID",
		"label": "Idaho"
	}, {
		"value": "IL",
		"label": "Illinois"
	}, {
		"value": "IN",
		"label": "Indiana"
	}, {
		"value": "KS",
		"label": "Kansas"
	}, {
		"value": "KY",
		"label": "Kentucky"
	}, {
		"value": "LA",
		"label": "Louisiana"
	}, {
		"value": "MA",
		"label": "Massachusetts"
	}, {
		"value": "MD",
		"label": "Maryland"
	}, {
		"value": "ME",
		"label": "Maine"
	}, {
		"value": "MI",
		"label": "Michigan"
	}, {
		"value": "MN",
		"label": "Minnesota"
	}, {
		"value": "MO",
		"label": "Missouri"
	}, {
		"value": "MS",
		"label": "Mississippi"
	}, {
		"value": "MT",
		"label": "Montana"
	}, {
		"value": "NC",
		"label": "North Carolina"
	}, {
		"value": "ND",
		"label": "North Dakota"
	}, {
		"value": "NE",
		"label": "Nebraska"
	}, {
		"value": "NH",
		"label": "New Hampshire"
	}, {
		"value": "NJ",
		"label": "New Jersey"
	}, {
		"value": "NM",
		"label": "New Mexico"
	}, {
		"value": "NV",
		"label": "Nevada"
	}, {
		"value": "NY",
		"label": "New York"
	}, {
		"value": "OH",
		"label": "Ohio"
	}, {
		"value": "OK",
		"label": "Oklahoma"
	}, {
		"value": "OR",
		"label": "Oregon"
	}, {
		"value": "PA",
		"label": "Pennsylvania"
	}, {
		"value": "RI",
		"label": "Rhode Island"
	}, {
		"value": "SC",
		"label": "South Carolina"
	}, {
		"value": "SD",
		"label": "South Dakota"
	}, {
		"value": "TN",
		"label": "Tennessee"
	}, {
		"value": "TX",
		"label": "Texas"
	}, {
		"value": "UT",
		"label": "Utah"
	}, {
		"value": "VA",
		"label": "Virginia"
	}, {
		"value": "VT",
		"label": "Vermont"
	}, {
		"value": "WA",
		"label": "Washington"
	}, {
		"value": "WI",
		"label": "Wisconsin"
	}, {
		"value": "WV",
		"label": "West Virginia"
	}, {
		"value": "WY",
		"label": "Wyoming"
	}],
	"relationshipTypes": [{
		"value": "Child",
		"label": "Child"
	}, {
		"value": "GChild",
		"label": "Grand Child"
	}, {
		"value": "Gparent",
		"label": "Grand Parent"
	}, {
		"value": "Parent",
		"label": "Parent"
	}]
}