{
    "planSpecificDocuments": [
        {
            "guid": "8E92A29B-8C11-41CF-8C75-9871FEE431A1",
            "fileName": "Plan30111SpecificDocument1.pdf",
            "planName": "Stadtler HVAC 401k Plan",
            "category": ""
        },
        {
            "guid": "8E92A29B-8C11-41CF-8C75-9871FEE431A2",
            "fileName": "Plan30111SpecificDocument2.pdf",
            "planName": "Stadtler HVAC 401k Plan",
            "category": ""
        },
        {
            "guid": "8E92A29B-8C11-41CF-8C75-9871FEE431A3",
            "fileName": "Plan30111SpecificDocument3.pdf",
            "planName": "Stadtler HVAC 401k Plan",
            "category": ""
        }
    ],
    "referenceDocuments": [
        {
            "guid": "8E92A29B-8C11-41CF-8C75-9871FEE431BC",
            "fileName": "ASCi - Basic_Plan_Document-VS-PPA (FULL)-04"
        },
        {
            "guid": "8E92A29B-8C11-41CF-8C75-9871FEE431EF",
            "fileName": "ASCi - Basic_Plan_Document-VS-PPA (FULL)-04"
        }
    ]
}