{
  "planId": "",
  "sectionId": "Employee Census",
  "isOveride": false,
  "employeeCensus": [
    {
      "empCensusId": 1,
      "action": "add",
      "firstName": "Annie",
      "lastName": "Johnson",
      "ssn": "XXX-XX-1234",
      "dateOfBirth": "2013-06-23T18:25:43.511Z",
      "originalDateOfHire": 1511042000000,
      "dateOfSepration": 1511042000000,
      "dateOfDeath": null,
      "dateOfRehire": 1511042000000,
      "officers": true,
      "companyDivision": "2",
      "grossCompensation": 12000000,
      "excludedCompensation": 600000,
      "severanceCompensation": 50000,
      "hours": 8,
      "salariedEmployee": true,
      "equivalencyRate": 4,
      "salaryDeferral401K": 50000,
      "rothSalaryDeferral": 50000,
      "safeHarborContribution": 500,
      "employeeMatch": "dummy",
      "employerContribution": 600,
      "otherContribution": 1000,
      "jobClassification": "Team lead",
      "unionEmployee": true,
      "activeMilitary": false,
      "leasedEmployee": false,
      "note": "Good"
    },
    {
      "empCensusId": 2,
      "action": "update",
      "firstName": "Mathew",
      "lastName": "Wright",
      "ssn": "XXX-XX-1234",
      "dateOfBirth": 1511042000000,
      "originalDateOfHire": 1511042000000,
      "dateOfSepration": 1511042000000,
      "dateOfDeath": null,
      "dateOfRehire": 1511042000000,
      "officers": true,
      "companyDivision": "2",
      "grossCompensation": 12000000,
      "excludedCompensation": 600000,
      "severanceCompensation": 50000,
      "hours": 8,
      "salariedEmployee": true,
      "equivalencyRate": 4,
      "salaryDeferral401K": 50000,
      "rothSalaryDeferral": 50000,
      "safeHarborContribution": 500,
      "employeeMatch": "dummy",
      "employerContribution": 600,
      "otherContribution": 1000,
      "jobClassification": "Team lead",
      "unionEmployee": true,
      "activeMilitary": false,
      "leasedEmployee": false,
      "note": "Good"
    }
    
  ]
}
