{
   "threadId": null,
   "employer": {
       "taskMapId": 42,
       "employerId": 18144,
       "companyName": "Purdy, Smitham and Lockman",
       "ein": 123456777,
       "fiscalYear": "2020-03-30T11:39:49.009",
       "entityTypeCode": "Government",
       "naicCode": 4567777,
       "payrollProvider": "BBTA",
       "payrlFreqTypes": [
           "Monthly",
           "Quarterly"
       ],
       "payrollFrequencyId": null
   },
   "addresses": [
       {
           "id": 9,
           "taskMapId": 42,
           "address1": "ad 1",
           "address2": "ad 2",
           "addressTypeCode": "Work",
           "city": "arioan",
           "stateCode": "AZ",
           "zip": "56006"
       },
       {
           "id": 13,
           "taskMapId": 42,
           "address1": "Address 1",
           "address2": "Address 12",
           "addressTypeCode": "Permanent",
           "city": "Gandhinagar",
           "stateCode": "CT",
           "zip": "12345"
       },
       {
           "id": 14,
           "taskMapId": 42,
           "address1": "Address2",
           "address2": "Address 22",
           "addressTypeCode": "Business",
           "city": "Pune",
           "stateCode": "FL",
           "zip": "12345-6789"
       },
       {
           "id": 15,
           "taskMapId": 42,
           "address1": "Address3",
           "address2": "Address 32",
           "addressTypeCode": "Work",
           "city": "Mumbai",
           "stateCode": "KY",
           "zip": "45678"
       },
       {
           "id": 16,
           "taskMapId": 42,
           "address1": "Address 4",
           "address2": "Address 42",
           "addressTypeCode": "Mailing",
           "city": "Rajkot",
           "stateCode": "LA",
           "zip": "67890"
       },
       {
           "id": 17,
           "taskMapId": 42,
           "address1": "Address 5",
           "address2": "Address 52",
           "addressTypeCode": "Business",
           "city": "Delhi",
           "stateCode": "AK",
           "zip": "12345-6789"
       },
       {
           "id": 18,
           "taskMapId": 42,
           "address1": "Address Edit",
           "address2": "Address 12",
           "addressTypeCode": "Permanent",
           "city": "Gandhinagar",
           "stateCode": "CT",
           "zip": "12345"
       }
   ],
   "contacts": []
}