[
    {
        "data": {
            "name": "Documents",
            "size": "75kb",
            "type": "Folder"
        },
        "children": [
            {
                "data": {
                    "name": "Expenses.doc",
                    "size": "30kb",
                    "type": "Document"
                }
            },
            {
                "data": {
                    "name": "Resume.doc",
                    "size": "25kb",
                    "type": "Resume"
                }
            },
            {
                "data": {
                    "name": "Home",
                    "size": "20kb",
                    "type": "Folder"
                }
            },
            {
                "data": {
                    "name": "Invoices",
                    "size": "20kb",
                    "type": "Text"
                }
            },
            {
                "data": {
                    "name": "more",
                    "size": "",
                    "type": ""
                }
            }
        ]
    },
    {
        "data": {
            "name": "Pictures",
            "size": "150kb",
            "type": "Folder"
        },
        "children": [
            {
                "data": {
                    "name": "barcelona.jpg",
                    "size": "90kb",
                    "type": "Picture"
                }
            },
            {
                "data": {
                    "name": "primeui.png",
                    "size": "30kb",
                    "type": "Picture"
                }
            },
            {
                "data": {
                    "name": "optimus.jpg",
                    "size": "30kb",
                    "type": "Picture"
                }
            }
        ]
    }
]