[
    {
        "sectionId": "employerData",
        "isSave": true
    },
    {
        "sectionId": "principal",
        "isSave": true
    },
    {
        "sectionId": "family",
        "isSave": false
    },
    {
        "sectionId": "business",
        "isSave": true
    },
    {
        "sectionId": "contact",
        "isSave": false
    },
    {
        "sectionId": "101",
        "isSave": false
    },
    {
        "sectionId": "102",
        "isSave": true
    },
    {
        "sectionId": "103",
        "isSave": true
    }
]