[
    
   {
      "messageId":13,
      "threadId":3,
      "messageCount":10,
      "isNew":false,
      "isRead":false,
      "from":"John Doe",
      "to":[
         {
            "threadId":2,
            "messageId":12,
            "id":14,
            "name":"Michale M. Munro",
            "mailId":"michale_munro@email.com"
         },
         {
            "threadId":2,
            "messageId":12,
            "id":15,
            "name":"Alvaro L. Hurley",
            "mailId":"alvaro_hurley@email.com"
         }
      ],
      "subject":"Please send a signed copy.",
      "communicationDateTime":"2019-12-24T04:30:48.7370823-05:00",
      "planName":"ABC 401K company",
      "category":"Tax Forms",
      "message":"Hi Hello",
      "files":[
         {
            "threadId":0,
            "messageId":1,
            "id":"wewe54353ewfwe234523523r32",
            "name":"Test31.xmls",
            "link":null
         },
         {
            "threadId":0,
            "messageId":1,
            "id":"wewefwqweqweq3442dasdasd32",
            "name":"Test32.xmls",
            "link":null
         }
      ],
      "note":"Test Notes",
      "hasAction":true
   },
   {
       "messageId":14,
       "threadId":3,
       "messageCount":10,
       "isNew":false,
       "isRead":true,
       "from":"John Doe",
       "to":[
          {
             "threadId":2,
             "messageId":12,
             "id":14,
             "name":"Michale M. Munro",
             "mailId":"michale_munro@email.com"
          },
          {
             "threadId":2,
             "messageId":12,
             "id":15,
             "name":"Alvaro L. Hurley",
             "mailId":"alvaro_hurley@email.com"
          }
       ],
       "subject":"Please send a signed copy.",
       "communicationDateTime":"2019-12-24T04:30:48.7370823-05:00",
       "planName":"ABC 401K company",
       "category":"Tax Forms",
       "message":"Hi Hello",
       "files":[
          {
             "threadId":0,
             "messageId":1,
             "id":"wewe54353ewfwe234523523r32",
             "name":"Test31.xmls",
             "link":null
          },
          {
             "threadId":0,
             "messageId":1,
             "id":"wewefwqweqweq3442dasdasd32",
             "name":"Test32.xmls",
             "link":null
          }
       ],
       "note":"Test Notes",
       "hasAction":true
    },
    {
       "messageId":15,
       "threadId":3,
       "messageCount":10,
       "isNew":false,
       "isRead":true,
       "from":"John Doe",
       "to":[
          {
             "threadId":2,
             "messageId":12,
             "id":14,
             "name":"Michale M. Munro",
             "mailId":"michale_munro@email.com"
          },
          {
             "threadId":2,
             "messageId":12,
             "id":15,
             "name":"Alvaro L. Hurley",
             "mailId":"alvaro_hurley@email.com"
          }
       ],
       "subject":"Please send a signed copy.",
       "communicationDateTime":"2019-12-24T04:30:48.7370823-05:00",
       "planName":"ABC 401K company",
       "category":"Tax Forms",
       "message":"Hi Hello",
       "files":[
          {
             "threadId":0,
             "messageId":1,
             "id":"wewe54353ewfwe234523523r32",
             "name":"Test31.xmls",
             "link":null
          },
          {
             "threadId":0,
             "messageId":1,
             "id":"wewefwqweqweq3442dasdasd32",
             "name":"Test32.xmls",
             "link":null
          }
       ],
       "note":"Test Notes",
       "hasAction":true
    },
    {
       "messageId":16,
       "threadId":3,
       "messageCount":10,
       "isNew":false,
       "isRead":true,
       "from":"John thread 3",
       "to":[
          {
             "threadId":3,
             "messageId":12,
             "id":12,
             "name":"Travis Bradtke",
             "mailId":"travis@email.com"
          },
          {
             "threadId":3,
             "messageId":12,
             "id":13,
             "name":"Jason V. Canter",
             "mailId":"jason_canter@email.com"
          }
       ],
       "subject":"Please send a signed copy.",
       "communicationDateTime":"2019-12-24T04:30:48.7370812-05:00",
       "planName":"ABC 401K company",
       "category":"Tax Forms",
       "message":"Hi Hello",
       "files":[
          {
             "threadId":0,
             "messageId":1,
             "id":"232ewesswwergfwwf34423r32",
             "name":"Test16_21.xmls",
             "link":null
          },
          {
             "threadId":0,
             "messageId":1,
             "id":"21212gfwwf3442dasdasd32",
             "name":"Test16_22.xmls",
             "link":null
          }
       ],
       "note":"Test Notes",
       "hasAction":true
    },
    {
        "messageId":17,
        "threadId":3,
        "messageCount":10,
        "isNew":true,
        "isRead":true,
        "from":"John thread 3",
        "to":[
           {
              "threadId":3,
              "messageId":12,
              "id":6,
              "name":"Travis Bradtke",
              "mailId":"travis@email.com"
           },
           {
              "threadId":3,
              "messageId":12,
              "id":7,
              "name":"Jason V. Canter",
              "mailId":"jason_canter@email.com"
           }
        ],
        "subject":"Please send a signed copy.",
        "communicationDateTime":"2019-12-24T04:30:48.7370717-05:00",
        "planName":"ABC 401K company",
        "category":"Tax Forms",
        "message":"Hi Hello",
        "files":[
           {
              "threadId":0,
              "messageId":1,
              "id":"566wewefwewergfwwf34423r32",
              "name":"Test13_21.xmls",
              "link":null
           },
           {
              "threadId":0,
              "messageId":1,
              "id":"43452342wewefwewergfwwf3442dasdasd32",
              "name":"Test13_22.xmls",
              "link":null
           }
        ],
        "note":"Test Notes",
        "hasAction":true
     },
     {
        "messageId":18,
        "threadId":3,
        "messageCount":10,
        "isNew":true,
        "isRead":true,
        "from":"John thread 3",
        "to":[
           {
              "threadId":3,
              "messageId":12,
              "id":6,
              "name":"Travis Bradtke",
              "mailId":"travis@email.com"
           },
           {
              "threadId":3,
              "messageId":12,
              "id":7,
              "name":"Jason V. Canter",
              "mailId":"jason_canter@email.com"
           }
        ],
        "subject":"Please send a signed copy.",
        "communicationDateTime":"2019-12-24T04:30:48.7370717-05:00",
        "planName":"ABC 401K company",
        "category":"Tax Forms",
        "message":"Hi Hello",
        "files":[
           {
              "threadId":0,
              "messageId":1,
              "id":"566wewefwewergfwwf34423r32",
              "name":"Test13_21.xmls",
              "link":null
           },
           {
              "threadId":0,
              "messageId":1,
              "id":"43452342wewefwewergfwwf3442dasdasd32",
              "name":"Test13_22.xmls",
              "link":null
           }
        ],
        "note":"Test Notes",
        "hasAction":true
     },
     {
        "messageId":19,
        "threadId":3,
        "messageCount":10,
        "isNew":true,
        "isRead":true,
        "from":"John thread 3",
        "to":[
           {
              "threadId":3,
              "messageId":12,
              "id":6,
              "name":"Travis Bradtke",
              "mailId":"travis@email.com"
           },
           {
              "threadId":3,
              "messageId":12,
              "id":7,
              "name":"Jason V. Canter",
              "mailId":"jason_canter@email.com"
           }
        ],
        "subject":"Please send a signed copy.",
        "communicationDateTime":"2019-12-24T04:30:48.7370717-05:00",
        "planName":"ABC 401K company",
        "category":"Tax Forms",
        "message":"Hi Hello",
        "files":[
           {
              "threadId":0,
              "messageId":1,
              "id":"566wewefwewergfwwf34423r32",
              "name":"Test13_21.xmls",
              "link":null
           },
           {
              "threadId":0,
              "messageId":1,
              "id":"43452342wewefwewergfwwf3442dasdasd32",
              "name":"Test13_22.xmls",
              "link":null
           }
        ],
        "note":"Test Notes",
        "hasAction":true
     },
    {
       "messageId":13,
       "threadId":3,
       "messageCount":10,
       "isNew":false,
       "isRead":false,
       "from":"John thread 3",
       "to":[
          {
             "threadId":3,
             "messageId":12,
             "id":14,
             "name":"Michale M. Munro",
             "mailId":"michale_munro@email.com"
          },
          {
             "threadId":3,
             "messageId":12,
             "id":15,
             "name":"Alvaro L. Hurley",
             "mailId":"alvaro_hurley@email.com"
          }
       ],
       "subject":"Please send a signed copy.",
       "communicationDateTime":"2019-12-24T04:30:48.7370823-05:00",
       "planName":"ABC 401K company",
       "category":"Tax Forms",
       "message":"Hi Hello",
       "files":[
          {
             "threadId":0,
             "messageId":1,
             "id":"wewe54353ewfwe234523523r32",
             "name":"Test31.xmls",
             "link":null
          },
          {
             "threadId":0,
             "messageId":1,
             "id":"wewefwqweqweq3442dasdasd32",
             "name":"Test32.xmls",
             "link":null
          }
       ],
       "note":"Test Notes",
       "hasAction":true
    },
    {
        "messageId":14,
        "threadId":3,
        "messageCount":3,
        "isNew":false,
        "isRead":true,
        "from":"John thread 3",
        "to":[
           {
              "threadId":3,
              "messageId":12,
              "id":14,
              "name":"Michale M. Munro",
              "mailId":"michale_munro@email.com"
           },
           {
              "threadId":3,
              "messageId":12,
              "id":15,
              "name":"Alvaro L. Hurley",
              "mailId":"alvaro_hurley@email.com"
           }
        ],
        "subject":"Please send a signed copy.",
        "communicationDateTime":"2019-12-24T04:30:48.7370823-05:00",
        "planName":"ABC 401K company",
        "category":"Tax Forms",
        "message":"Hi Hello",
        "files":[
           {
              "threadId":0,
              "messageId":1,
              "id":"wewe54353ewfwe234523523r32",
              "name":"Test31.xmls",
              "link":null
           },
           {
              "threadId":0,
              "messageId":1,
              "id":"wewefwqweqweq3442dasdasd32",
              "name":"Test32.xmls",
              "link":null
           }
        ],
        "note":"Test Notes",
        "hasAction":true
     },
     {
        "messageId":15,
        "threadId":3,
        "messageCount":10,
        "isNew":false,
        "isRead":true,
        "from":"John thread 3",
        "to":[
           {
              "threadId":3,
              "messageId":12,
              "id":14,
              "name":"Michale M. Munro",
              "mailId":"michale_munro@email.com"
           },
           {
              "threadId":3,
              "messageId":12,
              "id":15,
              "name":"Alvaro L. Hurley",
              "mailId":"alvaro_hurley@email.com"
           }
        ],
        "subject":"Please send a signed copy.",
        "communicationDateTime":"2019-12-24T04:30:48.7370823-05:00",
        "planName":"ABC 401K company",
        "category":"Tax Forms",
        "message":"Hi Hello",
        "files":[
           {
              "threadId":0,
              "messageId":1,
              "id":"wewe54353ewfwe234523523r32",
              "name":"Test31.xmls",
              "link":null
           },
           {
              "threadId":0,
              "messageId":1,
              "id":"wewefwqweqweq3442dasdasd32",
              "name":"Test32.xmls",
              "link":null
           }
        ],
        "note":"Test Notes",
        "hasAction":true
     }

 ]