{
    "planId": "",
    "sectionId": "employeeInformation",
    "notes": [
        {
            "noteId": "note1",
            "note": "This is note 1.",
            "date": 1577884942372,
            "createdBy": "User 1"
        },
        {
            "noteId": "note2",
            "note": "This is note 2.",
            "date": 1577884942372,
            "createdBy": "User 2"
        },
        {
            "noteId": "note3",
            "note": "This is note 3.",
            "date": 1577884942372,
            "createdBy": "User 1"
        }
    ]
}