[
   {
       "taskMapId": 42,
       "taskId": 1,
       "planId": 30113,
       "planTypeCode": "401K",
       "plan": "Legion Star 401(k) Plan",
       "activeDate": "2020-02-10T00:00:00",
       "dueDate": "2020-04-12T00:00:00",
       "year": 2020,
       "hasStarted": true
   },
   {
       "taskMapId": 43,
       "taskId": 2,
       "planId": 30024,
       "planTypeCode": "PSP",
       "plan": "Purdy, Smitham and Lockman PSP",
       "activeDate": "2020-02-10T00:00:00",
       "dueDate": "2021-04-12T00:00:00",
       "year": 2020,
       "hasStarted": false
   }
]

