    [
      {
        "planId": "",
        "sectionId": "100",
        "sectionName": "test",
        "questions": [
          {
            "questionId": "1",
            "question": "Total Number of employees who received a W-2 during the plan year?",
            "isMendatory": true,
            "isDependant": false,
            "Type": "NumberBox",
            "options": [],
            "MaxSelect": null,
            "regex": "^([0-9]{0,10})?$",
            "selectedAnswer": ""
          },
          {
            "questionId": "2",
            "question": "Please indicate the amount or percentage of employer contribution for BPC to calculate.",
            "isMendatory": false,
            "isDependant": false,
            "Type": "TextBox",
            "options": [],
            "MaxSelect": null,
            "selectedAnswer": ""
          },
          {
            "questionId": "3",
            "question": "Were any employees paid post-severance compensation following their termination? If so, list their post-severance compensation in the Severence Compensation column on the census. Please see the following link for the definition of severance compensation.",
            "isMendatory": true,
            "isDependant": false,
            "Type": "Radio",
            "options": [
              "Yes",
              "No"
            ],
            "MaxSelect": null,
            "selectedAnswer": ""
          },
          {
            "questionId": "4",
            "question": "Is there any classification of employees the Plan Sponsor excluded from the Plan?",
            "isMendatory": true,
            "isDependant": false,
            "isDependentOn": {
              "question": "",
              "value": ""
            },
            "Type": "Radio",
            "options": [
              "Yes",
              "No"
            ],
            "MaxSelect": null,
            "selectedAnswer": ""
          },
          {
            "questionId": "5",
            "question": "If yes, list who you excluded?",
            "isMendatory": true,
            "isDependant": true,
            "isDependentOn": {
              "question": "4",
              "value": "Yes"
            },
            "Type": "TextArea",
            "options": [],
            "MaxSelect": null,
            "selectedAnswer": ""
          },
          {
            "questionId": "6",
            "question": "If yes, list who you excluded?",
            "isMendatory": false,
            "isDependant": false,
            "isDependentOn": {
              "question": "4",
              "value": "No"
            },
            "Type": "Date",
            "options": [],
            "MaxSelect": null,
            "selectedAnswer": ""
          },
          {
            "questionId": "7",
            "question": "If yes, list who you excluded?",
            "isMendatory": true,
            "isDependant": true,
            "isDependentOn": {
              "question": "3",
              "value": "Yes"
            },
            "Type": "Date",
            "options": [],
            "MaxSelect": null,
            "selectedAnswer": ""
          },
          {
            "questionId": "8",
            "question": "classifica of employees the Plan Sponsor excluded from the Plan?",
            "isMendatory": true,
            "isDependant": false,
            "isDependentOn": {
              "question": "",
              "value": ""
            },
            "Type": "Checkbox",
            "options": [
              "Confirm",
              "May be",
              "NA"
            ],
            "MaxSelect": null,
            "selectedAnswer": ""
          },
          {
            "questionId": "9",
            "question": "Please indicate the amount or percentage of employer contribution for BPC to calculate.",
            "isMendatory": false,
            "isDependant": false,
            "Type": "TextBox",
            "options": [],
            "MaxSelect": null,
            "selectedAnswer": ""
          }  
        ],
        "Answer": [
          {
            "QuestionID": 1,
            "Answer": "29979"
          },
          {
            "QuestionID": 2,
            "Answer": "Ank"
          },
          {
            "QuestionID": 3,
            "Answer": "Yes"
          },
          {
            "QuestionID": 4,
            "Answer": "Yes"
          },
          {
            "QuestionID": 7,
            "Answer": ""
          },
          {
            "QuestionID": 8,
            "Answer": ""
          },
          {
            "QuestionID": 8,
            "Answer": "May be"
          },
          {
            "QuestionID": 8,
            "Answer": "NA"
          },
          {
            "QuestionID": 9,
            "Answer": "NA"
          }
        ]
      },
      {
        "planId": "",
        "sectionId": "200",
        "sectionName": "5500",
        "questions": [
          {
            "questionId": "1",
            "question": "employees who received a W-2 during the plan year?",
            "isMendatory": true,
            "isDependant": false,
            "Type": "NumberBox",
            "options": [],
            "MaxSelect": null,
            "regex": "^([0-9]{0,10})?$",
            "selectedAnswer": ""
          },
          {
            "questionId": "2",
            "question": "amount or percentage of employer contribution for BPC to calculate.",
            "isMendatory": false,
            "isDependant": false,
            "Type": "TextBox",
            "options": [],
            "MaxSelect": null,
            "selectedAnswer": ""
          },
          {
            "questionId": "3",
            "question": "classification of employees the Plan Sponsor excluded from the Plan?",
            "isMendatory": true,
            "isDependant": false,
            "isDependentOn": {
              "question": "",
              "value": ""
            },
            "Type": "Radio",
            "options": [
              "Yes",
              "No"
            ],
            "MaxSelect": null,
            "selectedAnswer": ""
          },
          {
            "questionId": "4",
            "question": "list wh you excluded?",
            "isMendatory": true,
            "isDependant": true,
            "isDependentOn": {
              "question": "3",
              "value": "Yes"
            },
            "Type": "TextArea",
            "options": [],
            "MaxSelect": null,
            "selectedAnswer": ""
          },
          {
            "questionId": "5",
            "question": "who you excluded?",
            "isMendatory": false,
            "isDependant": false,
            "isDependentOn": {
              "question": "3",
              "value": "No"
            },
            "Type": "Date",
            "options": [],
            "MaxSelect": null,
            "selectedAnswer": ""
          },  
          {
            "questionId": "6",
            "question": "classification of employees the Plan Sponsor excluded from the Plan?",
            "isMendatory": true,
            "isDependant": false,
            "isDependentOn": {
              "question": "",
              "value": ""
            },
            "Type": "Checkbox",
            "options": [
              "Yes",
              "No",
              "NA"
            ],
            "MaxSelect": null,
            "selectedAnswer": ""
          }       
        ],
        "Answer": null
      }
      
    ]