
{
  "header": {
    "reportVersion": 1,
    "event": "Allocation failed - JavaScript heap out of memory",
    "trigger": "FatalError",
    "filename": "report.20200317.110333.14016.0.001.json",
    "dumpEventTime": "2020-03-17T11:03:33Z",
    "dumpEventTimeStamp": "1584457413346",
    "processId": 14016,
    "cwd": "F:\\Ankush\\Projects\\Ascensus\\AXISPortal\\FuturePlan\\ClientApp",
    "commandLine": [
      "node",
      "C:\\Users\\akokate\\AppData\\Roaming\\npm\\\\node_modules\\@angular\\cli\\bin\\ng",
      "serve"
    ],
    "nodejsVersion": "v12.13.1",
    "wordSize": 64,
    "arch": "x64",
    "platform": "win32",
    "componentVersions": {
      "node": "12.13.1",
      "v8": "7.7.299.13-node.16",
      "uv": "1.33.1",
      "zlib": "1.2.11",
      "brotli": "1.0.7",
      "ares": "1.15.0",
      "modules": "72",
      "nghttp2": "1.39.2",
      "napi": "5",
      "llhttp": "1.1.4",
      "http_parser": "2.8.0",
      "openssl": "1.1.1d",
      "cldr": "35.1",
      "icu": "64.2",
      "tz": "2019c",
      "unicode": "12.1"
    },
    "release": {
      "name": "node",
      "lts": "Erbium",
      "headersUrl": "https://nodejs.org/download/release/v12.13.1/node-v12.13.1-headers.tar.gz",
      "sourceUrl": "https://nodejs.org/download/release/v12.13.1/node-v12.13.1.tar.gz",
      "libUrl": "https://nodejs.org/download/release/v12.13.1/win-x64/node.lib"
    },
    "osName": "Windows_NT",
    "osRelease": "6.3.9600",
    "osVersion": "Windows Server 2012 R2 Datacenter",
    "osMachine": "x86_64",
    "cpus": [
      {
        "model": "Intel(R) Xeon(R) CPU E5-2697 v2 @ 2.70GHz",
        "speed": 2700,
        "user": 403664093,
        "nice": 0,
        "sys": 812468375,
        "idle": 7212857421,
        "irq": 2415296
      },
      {
        "model": "Intel(R) Xeon(R) CPU E5-2697 v2 @ 2.70GHz",
        "speed": 2700,
        "user": 411233234,
        "nice": 0,
        "sys": 865113734,
        "idle": 7152642734,
        "irq": 6217968
      }
    ],
    "networkInterfaces": [
      {
        "name": "Ethernet0",
        "internal": false,
        "mac": "00:50:56:88:c1:14",
        "address": "10.120.123.100",
        "netmask": "255.255.252.0",
        "family": "IPv4"
      },
      {
        "name": "Loopback Pseudo-Interface 1",
        "internal": true,
        "mac": "00:00:00:00:00:00",
        "address": "::1",
        "netmask": "ffff:ffff:ffff:ffff:ffff:ffff:ffff:ffff",
        "family": "IPv6",
        "scopeid": 0
      },
      {
        "name": "Loopback Pseudo-Interface 1",
        "internal": true,
        "mac": "00:00:00:00:00:00",
        "address": "127.0.0.1",
        "netmask": "255.0.0.0",
        "family": "IPv4"
      }
    ],
    "host": "RDRE1-DFPWS07"
  },
  "javascriptStack": {
    "message": "No stack.",
    "stack": [
      "Unavailable."
    ]
  },
  "nativeStack": [
    {
      "pc": "0x00007ff707561729",
      "symbol": "std::basic_ostream<char,std::char_traits<char> >::operator<<+10873"
    },
    {
      "pc": "0x00007ff707565b4c",
      "symbol": "std::basic_ostream<char,std::char_traits<char> >::operator<<+28316"
    },
    {
      "pc": "0x00007ff707564b08",
      "symbol": "std::basic_ostream<char,std::char_traits<char> >::operator<<+24152"
    },
    {
      "pc": "0x00007ff70765369b",
      "symbol": "v8::base::CPU::has_sse+37723"
    },
    {
      "pc": "0x00007ff707e582de",
      "symbol": "v8::Isolate::ReportExternalAllocationLimitReached+94"
    },
    {
      "pc": "0x00007ff707e40321",
      "symbol": "v8::SharedArrayBuffer::Externalize+833"
    },
    {
      "pc": "0x00007ff707d0dbec",
      "symbol": "v8::internal::Heap::EphemeronKeyWriteBarrierFromCode+1436"
    },
    {
      "pc": "0x00007ff707ce9be3",
      "symbol": "v8::internal::MarkCompactCollector::EnsureSweepingCompleted+1747"
    },
    {
      "pc": "0x00007ff707ce7edb",
      "symbol": "v8::internal::ConcurrentBitmap<1>::IsClean+65995"
    },
    {
      "pc": "0x00007ff707d1355d",
      "symbol": "v8::internal::Heap::LeftTrimFixedArray+1117"
    },
    {
      "pc": "0x00007ff707d15264",
      "symbol": "v8::internal::Heap::PageFlagsAreConsistent+1060"
    },
    {
      "pc": "0x00007ff707d0b353",
      "symbol": "v8::internal::Heap::CollectGarbage+1283"
    },
    {
      "pc": "0x00007ff707d09b24",
      "symbol": "v8::internal::Heap::AddRetainedMap+2356"
    },
    {
      "pc": "0x00007ff707d2adf5",
      "symbol": "v8::internal::Factory::NewFillerObject+53"
    },
    {
      "pc": "0x00007ff707a96ca7",
      "symbol": "v8::internal::interpreter::JumpTableTargetOffsets::iterator::operator=+3687"
    },
    {
      "pc": "0x00007ff70828404d",
      "symbol": "v8::internal::SetupIsolateDelegate::SetupHeap+567949"
    },
    {
      "pc": "0x000003949a5039cd",
      "symbol": ""
    }
  ],
  "javascriptHeap": {
    "totalMemory": 381034496,
    "totalCommittedMemory": 381034496,
    "usedMemory": 319126256,
    "availableMemory": 1851949016,
    "memoryLimit": 2197815296,
    "heapSpaces": {
      "read_only_space": {
        "memorySize": 262144,
        "committedMemory": 262144,
        "capacity": 261872,
        "used": 32296,
        "available": 229576
      },
      "new_space": {
        "memorySize": 33554432,
        "committedMemory": 33554432,
        "capacity": 16759808,
        "used": 2112,
        "available": 16757696
      },
      "old_space": {
        "memorySize": 249409536,
        "committedMemory": 249409536,
        "capacity": 227422152,
        "used": 227311736,
        "available": 110416
      },
      "code_space": {
        "memorySize": 3309568,
        "committedMemory": 3309568,
        "capacity": 2729120,
        "used": 2729120,
        "available": 0
      },
      "map_space": {
        "memorySize": 8392704,
        "committedMemory": 8392704,
        "capacity": 3259440,
        "used": 3259440,
        "available": 0
      },
      "large_object_space": {
        "memorySize": 85483520,
        "committedMemory": 85483520,
        "capacity": 85241152,
        "used": 85241152,
        "available": 0
      },
      "code_large_object_space": {
        "memorySize": 622592,
        "committedMemory": 622592,
        "capacity": 550400,
        "used": 550400,
        "available": 0
      },
      "new_large_object_space": {
        "memorySize": 0,
        "committedMemory": 0,
        "capacity": 16759808,
        "used": 0,
        "available": 16759808
      }
    }
  },
  "resourceUsage": {
    "userCpuSeconds": 197.531,
    "kernelCpuSeconds": 23.515,
    "cpuConsumptionPercent": 0.724741,
    "maxRss": 852529152,
    "pageFaults": {
      "IORequired": 1874335,
      "IONotRequired": 0
    },
    "fsActivity": {
      "reads": 16904,
      "writes": 65
    }
  },
  "libuv": [
  ],
  "environmentVariables": {
    "=C:": "C:\\",
    "=F:": "F:\\Ankush\\Projects\\Ascensus\\AXISPortal\\FuturePlan\\ClientApp",
    "ALLUSERSPROFILE": "C:\\ProgramData",
    "APPDATA": "C:\\Users\\akokate\\AppData\\Roaming",
    "CLIENTNAME": "VDPVEN014",
    "CommonProgramFiles": "C:\\Program Files\\Common Files",
    "CommonProgramFiles(x86)": "C:\\Program Files (x86)\\Common Files",
    "CommonProgramW6432": "C:\\Program Files\\Common Files",
    "COMPUTERNAME": "RDRE1-DFPWS07",
    "ComSpec": "C:\\Windows\\system32\\cmd.exe",
    "dp0": "C:\\Users\\akokate\\AppData\\Roaming\\npm\\",
    "FP_NO_HOST_CHECK": "NO",
    "HOMEDRIVE": "C:",
    "HOMEPATH": "\\Users\\akokate",
    "LOCALAPPDATA": "C:\\Users\\akokate\\AppData\\Local",
    "LOGONSERVER": "\\\\RDRE1-PADC02",
    "NUMBER_OF_PROCESSORS": "2",
    "OS": "Windows_NT",
    "Path": "C:\\Windows\\system32;C:\\Windows;C:\\Windows\\System32\\Wbem;C:\\Windows\\System32\\WindowsPowerShell\\v1.0\\;C:\\Program Files\\Microsoft SQL Server\\130\\Tools\\Binn\\;C:\\Program Files\\Microsoft\\Web Platform Installer\\;C:\\Program Files\\dotnet\\;C:\\Program Files\\Git\\cmd;C:\\Program Files (x86)\\GitExtensions\\;C:\\Program Files (x86)\\Microsoft SQL Server\\Client SDK\\ODBC\\130\\Tools\\Binn\\;C:\\Program Files (x86)\\Microsoft SQL Server\\140\\Tools\\Binn\\;C:\\Program Files (x86)\\Microsoft SQL Server\\140\\DTS\\Binn\\;C:\\Program Files (x86)\\Microsoft SQL Server\\140\\Tools\\Binn\\ManagementStudio\\;C:\\Program Files (x86)\\Windows Kits\\8.1\\Windows Performance Toolkit\\;C:\\Program Files\\Microsoft SQL Server\\110\\Tools\\Binn\\;C:\\Program Files (x86)\\Microsoft SDKs\\TypeScript\\1.0\\;C:\\Program Files\\Microsoft SQL Server\\120\\Tools\\Binn\\;C:\\Program Files\\nodejs\\;C:\\Program Files\\Microsoft SQL Server\\Client SDK\\ODBC\\170\\Tools\\Binn\\;;C:\\Users\\akokate\\AppData\\Roaming\\npm;C:\\Users\\akokate\\AppData\\Roaming\\npm\\node_modules\\@angular\\cli\\bin;C:\\Users\\akokate\\AppData\\Local\\Programs\\Microsoft VS Code\\bin;C:\\Users\\akokate\\.dotnet\\tools",
    "PATHEXT": ".COM;.EXE;.BAT;.CMD;.VBS;.VBE;.JSE;.WSF;.WSH;.MSC",
    "PROCESSOR_ARCHITECTURE": "AMD64",
    "PROCESSOR_IDENTIFIER": "Intel64 Family 6 Model 58 Stepping 0, GenuineIntel",
    "PROCESSOR_LEVEL": "6",
    "PROCESSOR_REVISION": "3a00",
    "ProgramData": "C:\\ProgramData",
    "ProgramFiles": "C:\\Program Files",
    "ProgramFiles(x86)": "C:\\Program Files (x86)",
    "ProgramW6432": "C:\\Program Files",
    "PROMPT": "$P$G",
    "PSModulePath": "C:\\Program Files\\WindowsPowerShell\\Modules;C:\\Windows\\system32\\WindowsPowerShell\\v1.0\\Modules",
    "PUBLIC": "C:\\Users\\Public",
    "SESSIONNAME": "RDP-Tcp#130",
    "SystemDrive": "C:",
    "SystemRoot": "C:\\Windows",
    "TEMP": "C:\\Users\\akokate\\AppData\\Local\\Temp\\2",
    "TMP": "C:\\Users\\akokate\\AppData\\Local\\Temp\\2",
    "UATDATA": "C:\\Windows\\CCM\\UATData\\D9F8C395-CAB8-491d-B8AC-179A1FE1BE77",
    "USERDNSDOMAIN": "RSD.CRUMPRSD.COM",
    "USERDOMAIN": "RSD",
    "USERDOMAIN_ROAMINGPROFILE": "RSD",
    "USERNAME": "akokate",
    "USERPROFILE": "C:\\Users\\akokate",
    "VS110COMNTOOLS": "C:\\Program Files (x86)\\Microsoft Visual Studio 11.0\\Common7\\Tools\\",
    "VS120COMNTOOLS": "C:\\Program Files (x86)\\Microsoft Visual Studio 12.0\\Common7\\Tools\\",
    "VS140COMNTOOLS": "C:\\Program Files (x86)\\Microsoft Visual Studio 14.0\\Common7\\Tools\\",
    "WEBPACK_DEV_SERVER": "true",
    "windir": "C:\\Windows",
    "_prog": "node"
  },
  "sharedObjects": [
    "C:\\Program Files\\nodejs\\node.exe",
    "C:\\Windows\\SYSTEM32\\ntdll.dll",
    "C:\\Windows\\system32\\KERNEL32.DLL",
    "C:\\Windows\\system32\\KERNELBASE.dll",
    "C:\\Windows\\System32\\SYSFER.DLL",
    "C:\\Windows\\SYSTEM32\\dbghelp.dll",
    "C:\\Windows\\system32\\WS2_32.dll",
    "C:\\Windows\\system32\\ADVAPI32.dll",
    "C:\\Windows\\system32\\USER32.dll",
    "C:\\Windows\\SYSTEM32\\IPHLPAPI.DLL",
    "C:\\Windows\\system32\\PSAPI.DLL",
    "C:\\Windows\\SYSTEM32\\USERENV.dll",
    "C:\\Windows\\system32\\CRYPT32.dll",
    "C:\\Windows\\SYSTEM32\\bcrypt.dll",
    "C:\\Windows\\SYSTEM32\\WINMM.dll",
    "C:\\Windows\\system32\\msvcrt.dll",
    "C:\\Windows\\system32\\NSI.dll",
    "C:\\Windows\\system32\\RPCRT4.dll",
    "C:\\Windows\\SYSTEM32\\sechost.dll",
    "C:\\Windows\\system32\\GDI32.dll",
    "C:\\Windows\\SYSTEM32\\WINNSI.DLL",
    "C:\\Windows\\SYSTEM32\\profapi.dll",
    "C:\\Windows\\system32\\MSASN1.dll",
    "C:\\Windows\\SYSTEM32\\WINMMBASE.dll",
    "C:\\Windows\\system32\\SspiCli.dll",
    "C:\\Windows\\SYSTEM32\\cfgmgr32.dll",
    "C:\\Windows\\SYSTEM32\\DEVOBJ.dll",
    "C:\\Windows\\system32\\IMM32.DLL",
    "C:\\Windows\\system32\\MSCTF.dll",
    "C:\\Windows\\SYSTEM32\\powrprof.dll",
    "C:\\Windows\\SYSTEM32\\CRYPTBASE.DLL",
    "C:\\Windows\\SYSTEM32\\bcryptPrimitives.dll",
    "C:\\Windows\\system32\\uxtheme.dll",
    "C:\\Windows\\SYSTEM32\\combase.dll",
    "C:\\Windows\\system32\\mswsock.dll",
    "\\\\?\\F:\\Ankush\\Projects\\Ascensus\\AXISPortal\\FuturePlan\\ClientApp\\node_modules\\node-sass\\vendor\\win32-x64-72\\binding.node",
    "C:\\Windows\\SYSTEM32\\dhcpcsvc6.DLL",
    "C:\\Windows\\SYSTEM32\\dhcpcsvc.DLL",
    "C:\\Windows\\SYSTEM32\\DNSAPI.dll",
    "C:\\Windows\\System32\\rasadhlp.dll",
    "C:\\Windows\\System32\\fwpuclnt.dll",
    "C:\\Windows\\system32\\napinsp.dll",
    "C:\\Windows\\system32\\NLAapi.dll",
    "C:\\Windows\\System32\\winrnr.dll"
  ]
}