
{
  "header": {
    "reportVersion": 1,
    "event": "Allocation failed - JavaScript heap out of memory",
    "trigger": "FatalError",
    "filename": "report.20200514.064230.37636.0.001.json",
    "dumpEventTime": "2020-05-14T06:42:30Z",
    "dumpEventTimeStamp": "1589452950273",
    "processId": 37636,
    "cwd": "F:\\Ankush\\Projects\\Ascensus\\AXISPortal\\FuturePlan\\ClientApp",
    "commandLine": [
      "node",
      "C:\\Users\\akokate\\AppData\\Roaming\\npm\\\\node_modules\\@angular\\cli\\bin\\ng",
      "serve",
      "--configuration",
      "es5"
    ],
    "nodejsVersion": "v12.13.1",
    "wordSize": 64,
    "arch": "x64",
    "platform": "win32",
    "componentVersions": {
      "node": "12.13.1",
      "v8": "7.7.299.13-node.16",
      "uv": "1.33.1",
      "zlib": "1.2.11",
      "brotli": "1.0.7",
      "ares": "1.15.0",
      "modules": "72",
      "nghttp2": "1.39.2",
      "napi": "5",
      "llhttp": "1.1.4",
      "http_parser": "2.8.0",
      "openssl": "1.1.1d",
      "cldr": "35.1",
      "icu": "64.2",
      "tz": "2019c",
      "unicode": "12.1"
    },
    "release": {
      "name": "node",
      "lts": "Erbium",
      "headersUrl": "https://nodejs.org/download/release/v12.13.1/node-v12.13.1-headers.tar.gz",
      "sourceUrl": "https://nodejs.org/download/release/v12.13.1/node-v12.13.1.tar.gz",
      "libUrl": "https://nodejs.org/download/release/v12.13.1/win-x64/node.lib"
    },
    "osName": "Windows_NT",
    "osRelease": "6.3.9600",
    "osVersion": "Windows Server 2012 R2 Datacenter",
    "osMachine": "x86_64",
    "cpus": [
      {
        "model": "Intel(R) Xeon(R) CPU E5-2697 v2 @ 2.70GHz",
        "speed": 2700,
        "user": 281003218,
        "nice": 0,
        "sys": 132353953,
        "idle": 1432203578,
        "irq": 1139046
      },
      {
        "model": "Intel(R) Xeon(R) CPU E5-2697 v2 @ 2.70GHz",
        "speed": 2700,
        "user": 253665734,
        "nice": 0,
        "sys": 120673578,
        "idle": 1471221234,
        "irq": 1514531
      }
    ],
    "networkInterfaces": [
      {
        "name": "Ethernet0",
        "internal": false,
        "mac": "00:50:56:88:c1:14",
        "address": "10.120.123.100",
        "netmask": "255.255.252.0",
        "family": "IPv4"
      },
      {
        "name": "Loopback Pseudo-Interface 1",
        "internal": true,
        "mac": "00:00:00:00:00:00",
        "address": "::1",
        "netmask": "ffff:ffff:ffff:ffff:ffff:ffff:ffff:ffff",
        "family": "IPv6",
        "scopeid": 0
      },
      {
        "name": "Loopback Pseudo-Interface 1",
        "internal": true,
        "mac": "00:00:00:00:00:00",
        "address": "127.0.0.1",
        "netmask": "255.0.0.0",
        "family": "IPv4"
      }
    ],
    "host": "RDRE1-DFPWS07"
  },
  "javascriptStack": {
    "message": "No stack.",
    "stack": [
      "Unavailable."
    ]
  },
  "nativeStack": [
    {
      "pc": "0x00007ff693d51729",
      "symbol": "std::basic_ostream<char,std::char_traits<char> >::operator<<+10873"
    },
    {
      "pc": "0x00007ff693d55b4c",
      "symbol": "std::basic_ostream<char,std::char_traits<char> >::operator<<+28316"
    },
    {
      "pc": "0x00007ff693d54b08",
      "symbol": "std::basic_ostream<char,std::char_traits<char> >::operator<<+24152"
    },
    {
      "pc": "0x00007ff693e4369b",
      "symbol": "v8::base::CPU::has_sse+37723"
    },
    {
      "pc": "0x00007ff6946482de",
      "symbol": "v8::Isolate::ReportExternalAllocationLimitReached+94"
    },
    {
      "pc": "0x00007ff694630321",
      "symbol": "v8::SharedArrayBuffer::Externalize+833"
    },
    {
      "pc": "0x00007ff6944fdbec",
      "symbol": "v8::internal::Heap::EphemeronKeyWriteBarrierFromCode+1436"
    },
    {
      "pc": "0x00007ff6944d9be3",
      "symbol": "v8::internal::MarkCompactCollector::EnsureSweepingCompleted+1747"
    },
    {
      "pc": "0x00007ff6944d7edb",
      "symbol": "v8::internal::ConcurrentBitmap<1>::IsClean+65995"
    },
    {
      "pc": "0x00007ff69450355d",
      "symbol": "v8::internal::Heap::LeftTrimFixedArray+1117"
    },
    {
      "pc": "0x00007ff694505264",
      "symbol": "v8::internal::Heap::PageFlagsAreConsistent+1060"
    },
    {
      "pc": "0x00007ff6944fb353",
      "symbol": "v8::internal::Heap::CollectGarbage+1283"
    },
    {
      "pc": "0x00007ff6944f9b24",
      "symbol": "v8::internal::Heap::AddRetainedMap+2356"
    },
    {
      "pc": "0x00007ff69451adf5",
      "symbol": "v8::internal::Factory::NewFillerObject+53"
    },
    {
      "pc": "0x00007ff694286ca7",
      "symbol": "v8::internal::interpreter::JumpTableTargetOffsets::iterator::operator=+3687"
    },
    {
      "pc": "0x00007ff694a7404d",
      "symbol": "v8::internal::SetupIsolateDelegate::SetupHeap+567949"
    },
    {
      "pc": "0x0000020e9ead924d",
      "symbol": ""
    }
  ],
  "javascriptHeap": {
    "totalMemory": 492474368,
    "totalCommittedMemory": 492474368,
    "usedMemory": 427553720,
    "availableMemory": 1739083416,
    "memoryLimit": 2197815296,
    "heapSpaces": {
      "read_only_space": {
        "memorySize": 262144,
        "committedMemory": 262144,
        "capacity": 261872,
        "used": 32296,
        "available": 229576
      },
      "new_space": {
        "memorySize": 33554432,
        "committedMemory": 33554432,
        "capacity": 16759808,
        "used": 888816,
        "available": 15870992
      },
      "old_space": {
        "memorySize": 327790592,
        "committedMemory": 327790592,
        "capacity": 305147712,
        "used": 305052032,
        "available": 95680
      },
      "code_space": {
        "memorySize": 5406720,
        "committedMemory": 5406720,
        "capacity": 4301184,
        "used": 4301184,
        "available": 0
      },
      "map_space": {
        "memorySize": 11276288,
        "committedMemory": 11276288,
        "capacity": 3425360,
        "used": 3425360,
        "available": 0
      },
      "large_object_space": {
        "memorySize": 113561600,
        "committedMemory": 113561600,
        "capacity": 113303632,
        "used": 113303632,
        "available": 0
      },
      "code_large_object_space": {
        "memorySize": 622592,
        "committedMemory": 622592,
        "capacity": 550400,
        "used": 550400,
        "available": 0
      },
      "new_large_object_space": {
        "memorySize": 0,
        "committedMemory": 0,
        "capacity": 16759808,
        "used": 0,
        "available": 16759808
      }
    }
  },
  "resourceUsage": {
    "userCpuSeconds": 2675.5,
    "kernelCpuSeconds": 386.468,
    "cpuConsumptionPercent": 0.845233,
    "maxRss": 1133531136,
    "pageFaults": {
      "IORequired": 23831755,
      "IONotRequired": 0
    },
    "fsActivity": {
      "reads": 158741,
      "writes": 760
    }
  },
  "libuv": [
  ],
  "environmentVariables": {
    "=::": "::\\",
    "=C:": "C:\\Users\\akokate",
    "=F:": "F:\\Ankush\\Projects\\Ascensus\\AXISPortal\\FuturePlan\\ClientApp",
    "ALLUSERSPROFILE": "C:\\ProgramData",
    "APPDATA": "C:\\Users\\akokate\\AppData\\Roaming",
    "CLIENTNAME": "NGL04454",
    "CommonProgramFiles": "C:\\Program Files\\Common Files",
    "CommonProgramFiles(x86)": "C:\\Program Files (x86)\\Common Files",
    "CommonProgramW6432": "C:\\Program Files\\Common Files",
    "COMPUTERNAME": "RDRE1-DFPWS07",
    "ComSpec": "C:\\Windows\\system32\\cmd.exe",
    "dp0": "C:\\Users\\akokate\\AppData\\Roaming\\npm\\",
    "FP_NO_HOST_CHECK": "NO",
    "HOMEDRIVE": "C:",
    "HOMEPATH": "\\Users\\akokate",
    "LOCALAPPDATA": "C:\\Users\\akokate\\AppData\\Local",
    "LOGONSERVER": "\\\\RDRE1-PADC03",
    "NUMBER_OF_PROCESSORS": "2",
    "OS": "Windows_NT",
    "Path": "C:\\Users\\akokate\\AppData\\Roaming\\npm;C:\\Program Files\\nodejs\\;C:\\Windows\\system32;C:\\Windows;C:\\Windows\\System32\\Wbem;C:\\Windows\\System32\\WindowsPowerShell\\v1.0\\;C:\\Program Files\\Microsoft SQL Server\\130\\Tools\\Binn\\;C:\\Program Files\\Microsoft\\Web Platform Installer\\;C:\\Program Files\\dotnet\\;C:\\Program Files\\Git\\cmd;C:\\Program Files (x86)\\GitExtensions\\;C:\\Program Files (x86)\\Microsoft SQL Server\\Client SDK\\ODBC\\130\\Tools\\Binn\\;C:\\Program Files (x86)\\Microsoft SQL Server\\140\\Tools\\Binn\\;C:\\Program Files (x86)\\Microsoft SQL Server\\140\\DTS\\Binn\\;C:\\Program Files (x86)\\Microsoft SQL Server\\140\\Tools\\Binn\\ManagementStudio\\;C:\\Program Files (x86)\\Windows Kits\\8.1\\Windows Performance Toolkit\\;C:\\Program Files\\Microsoft SQL Server\\110\\Tools\\Binn\\;C:\\Program Files (x86)\\Microsoft SDKs\\TypeScript\\1.0\\;C:\\Program Files\\Microsoft SQL Server\\120\\Tools\\Binn\\;C:\\Program Files\\nodejs\\;C:\\Program Files\\Microsoft SQL Server\\Client SDK\\ODBC\\170\\Tools\\Binn\\;;C:\\Users\\akokate\\AppData\\Roaming\\npm;C:\\Users\\akokate\\AppData\\Roaming\\npm\\node_modules\\@angular\\cli\\bin;C:\\Users\\akokate\\AppData\\Local\\Programs\\Microsoft VS Code\\bin;C:\\Users\\akokate\\.dotnet\\tools",
    "PATHEXT": ".COM;.EXE;.BAT;.CMD;.VBS;.VBE;.JSE;.WSF;.WSH;.MSC",
    "PROCESSOR_ARCHITECTURE": "AMD64",
    "PROCESSOR_IDENTIFIER": "Intel64 Family 6 Model 58 Stepping 0, GenuineIntel",
    "PROCESSOR_LEVEL": "6",
    "PROCESSOR_REVISION": "3a00",
    "ProgramData": "C:\\ProgramData",
    "ProgramFiles": "C:\\Program Files",
    "ProgramFiles(x86)": "C:\\Program Files (x86)",
    "ProgramW6432": "C:\\Program Files",
    "PROMPT": "$P$G",
    "PSModulePath": "C:\\Program Files\\WindowsPowerShell\\Modules;C:\\Windows\\system32\\WindowsPowerShell\\v1.0\\Modules",
    "PUBLIC": "C:\\Users\\Public",
    "SESSIONNAME": "RDP-Tcp#81",
    "SystemDrive": "C:",
    "SystemRoot": "C:\\Windows",
    "TEMP": "C:\\Users\\akokate\\AppData\\Local\\Temp\\6",
    "TMP": "C:\\Users\\akokate\\AppData\\Local\\Temp\\6",
    "UATDATA": "C:\\Windows\\CCM\\UATData\\D9F8C395-CAB8-491d-B8AC-179A1FE1BE77",
    "USERDNSDOMAIN": "RSD.CRUMPRSD.COM",
    "USERDOMAIN": "RSD",
    "USERDOMAIN_ROAMINGPROFILE": "RSD",
    "USERNAME": "akokate",
    "USERPROFILE": "C:\\Users\\akokate",
    "VS110COMNTOOLS": "C:\\Program Files (x86)\\Microsoft Visual Studio 11.0\\Common7\\Tools\\",
    "VS120COMNTOOLS": "C:\\Program Files (x86)\\Microsoft Visual Studio 12.0\\Common7\\Tools\\",
    "VS140COMNTOOLS": "C:\\Program Files (x86)\\Microsoft Visual Studio 14.0\\Common7\\Tools\\",
    "WEBPACK_DEV_SERVER": "true",
    "windir": "C:\\Windows",
    "_prog": "node"
  },
  "sharedObjects": [
    "C:\\Program Files\\nodejs\\node.exe",
    "C:\\Windows\\SYSTEM32\\ntdll.dll",
    "C:\\Windows\\system32\\KERNEL32.DLL",
    "C:\\Windows\\system32\\KERNELBASE.dll",
    "C:\\Windows\\System32\\SYSFER.DLL",
    "C:\\Windows\\SYSTEM32\\dbghelp.dll",
    "C:\\Windows\\system32\\WS2_32.dll",
    "C:\\Windows\\system32\\ADVAPI32.dll",
    "C:\\Windows\\system32\\USER32.dll",
    "C:\\Windows\\SYSTEM32\\IPHLPAPI.DLL",
    "C:\\Windows\\system32\\PSAPI.DLL",
    "C:\\Windows\\SYSTEM32\\USERENV.dll",
    "C:\\Windows\\system32\\CRYPT32.dll",
    "C:\\Windows\\SYSTEM32\\bcrypt.dll",
    "C:\\Windows\\SYSTEM32\\WINMM.dll",
    "C:\\Windows\\system32\\msvcrt.dll",
    "C:\\Windows\\system32\\NSI.dll",
    "C:\\Windows\\system32\\RPCRT4.dll",
    "C:\\Windows\\SYSTEM32\\sechost.dll",
    "C:\\Windows\\system32\\GDI32.dll",
    "C:\\Windows\\SYSTEM32\\WINNSI.DLL",
    "C:\\Windows\\SYSTEM32\\profapi.dll",
    "C:\\Windows\\system32\\MSASN1.dll",
    "C:\\Windows\\SYSTEM32\\WINMMBASE.dll",
    "C:\\Windows\\system32\\SspiCli.dll",
    "C:\\Windows\\SYSTEM32\\cfgmgr32.dll",
    "C:\\Windows\\SYSTEM32\\DEVOBJ.dll",
    "C:\\Windows\\system32\\IMM32.DLL",
    "C:\\Windows\\system32\\MSCTF.dll",
    "C:\\Windows\\SYSTEM32\\powrprof.dll",
    "C:\\Windows\\SYSTEM32\\CRYPTBASE.DLL",
    "C:\\Windows\\SYSTEM32\\bcryptPrimitives.dll",
    "C:\\Windows\\system32\\uxtheme.dll",
    "C:\\Windows\\SYSTEM32\\combase.dll",
    "C:\\Windows\\system32\\mswsock.dll",
    "\\\\?\\F:\\Ankush\\Projects\\Ascensus\\AXISPortal\\FuturePlan\\ClientApp\\node_modules\\node-sass\\vendor\\win32-x64-72\\binding.node",
    "C:\\Windows\\SYSTEM32\\dhcpcsvc6.DLL",
    "C:\\Windows\\SYSTEM32\\dhcpcsvc.DLL",
    "C:\\Windows\\SYSTEM32\\DNSAPI.dll",
    "C:\\Windows\\System32\\rasadhlp.dll",
    "C:\\Windows\\System32\\fwpuclnt.dll",
    "C:\\Windows\\system32\\napinsp.dll",
    "C:\\Windows\\system32\\NLAapi.dll",
    "C:\\Windows\\System32\\winrnr.dll"
  ]
}