{
  "ADD_RECORD": "Record added successfully!!",
  "UPDATE_RECORD": "Record updated successfully!!",
  "DELETE_RECORD": "Record deleted successfully!!",
  "ERROR": "There is some error. Please try again.",
  "MISSING_FIELDS": "Some fields are missing or incorrect. Please enter proper value(s).",
  "ITTSTATICMESSAGE": "'*' Onforwarding locations. Please refer service directory before commitment.",
  "DTTSTATICMESSAGE": "'*'==> Onforwarding Area serviced by Sub Contractor. No Guaranteed Commitment Expect Delay in POD's",
  "CALENDARTITLE": "Holidays for area",
  "PICODEDETAILTITLE": "Pincode Details",
  "TRANSITTIMETITLE": "Transit Time Details",
  "TRANSITTIMEERROR": "Transit Time is not defined for the entered criteria. Please check.",
  "ITTFIELDREQUIREDERROR": "One of the field from Country Code, City Code, City Name or Pincode must be entered",
  "DATEWISETTTITLTE": "Datewise TT: Shipment will be delivered on ",
  "ORIGINSCRROR": "Origin service centre cannot be blank",
  "PICKUPTIMEERROR": "Pickup Time cannot be blank",
  "DESTINATIONSCERROR": "Destination Service Center cannot be blank",
  "GLOBALAPIERROR": "There is some error. Please try again.",
  "AREACODEERROR": "Area code cannot be blank",
  "CITYCODEERROR": "City code cannot be blank",
  "PICKUPDATEERROR": "Pickup Time cannot be blank",
  "INVALIDPICODE": "Invalid Pincode",
  "INVALIDAREACODE": "Invalid Area Code",
  "INVALIDORIGINSC": "Invalid Origin Service Center Code",
  "INVALIDDESTINATIONSC": "Invalid Destination Service Center Code",
  "ONE_SEARCH_CRITERIA": "Please enter atleast one search criteria.",
  "NO_RECORDS_FOUND": "No records found.",
  "VCPIECESERROR": "Total pieces count mismatch. Please check.",
  "INVALIDCUSTOMERAREA": "Invalid Customer Area",
  "INVALIDCUSTOMERCODE": "Invalid Customer Code",
  "PRODUCTCODEERROR": "Product Code cannot be blank",
  "HEADERTEXT": "Package Dimensions ",
  "DISPLAYVALUE": "Package Dimensions (In Centimeter)",
  "MASS_UPDATE_EMPTY_SELECTION": "Please select at least one grid for Mass Update.",
  "LOCATIONCODEERROR": "Location cannot be Blank",
  "PICKUP_TIME_TITLE": "Regular Pickup Timing",
  "PICKUP_TIME_NOTE": "Select from the below list to add pickup time.",
  "PICKUP_ROUTE_TITLE": "Route Code Data",
  "PICKUP_ROUTE_NOTE": "Select from the below list to add pickup route.",
  "CLIENT_DETAILS_TITLE": "Client Details",
  "PICKUP_SRNO_NOTE": "Select from the below list to search pickup serial no.",
  "MASS_UPDATE_ROUTE_DATA": "Select from the below list to mass update pickup route.",
  "MASS_UPDATE_PICKUP_GRID_CAPTION": "Select the pickups from the below search list that are to be updated",
  "SERVICE_CENTRE_NOTE": "Select from the below list to add service centre.",
  "LANDMARK_DETAILS": "Help on Route Landmarks",
  "NO_OF_DAYS_BLANK": "No of days can not be blank",
  "RESET": {
    "TITLE": "Do you want to reset?",
    "MESSAGE": "Data will be cleared. Click Yes to proceed."
  },
  "BUTTON": {
    "YES": "Yes",
    "NO": "No"
  },
  "SAVE": {
    "TITLE": "Do you want to save?",
    "MESSAGE": "This data will be saved. Click Yes to proceed."
  },
  "CANCEL": {
    "TITLE": "Do you want to cancel?",
    "MESSAGE": "Unsaved data will be lost. Click Yes to proceed."
  },
  "DELETE": {
    "TITLE": "Do you want to delete this record?",
    "MESSAGE": "Record will be deleted. Click Yes to proceed."
  },
  "PIECES": "Pieces",
  "HEIGHT": "Height",
  "LENGTH": "Length",
  "WIDTH": "Width",
  "VOLUMETRIC_WEIGHT": "Volumetric Weight",
  "DATEERROR": "Pickup date cannot be blank",
  "REGULAR_TABS": {
    "REGULAR_SEARCH": "Regular Search",
    "MASS_UPDATE": "Mass Update"
  },
  "RP_CLIENT_CODE_MSG": {
    "NOT_BELONG_WARNING": "Client Code does not belong to Service Centre",
    "INVALID": "Please enter valid Client Code.",
    "OFF_CREDITED_CUSTOMER": "OFF-CREDITED CUSTOMER"
  },
  "INVALID_AREA": "Please enter valid Area Code.",
  "INVALID_PICKUP_ROUTE": "Please enter valid Pickup Route.",
  "INVALID_PINCODE": "Please enter valid Pincode.",
  "INVALID_SERVICE_CENTRE": "Please enter valid Service Centre Code.",
  "PICKUP_SERIAL_MSG": {
    "ALREADY_EXISTS": "Pickup already exists.",
    "INVALID": "Please enter valid Pickup Serial Number."
  },
  "DTT_INFO_MESSAGE": "'*' The number of day of week denotes the No. of Days it will take for the shipment to reach destination. 1= 24hrs, 2= 48hrs etc.",
  "INVALID_COUNTRY_CODE": "Invalid Country Code",

  "HEIGHTBLANK": "Height Value should not blank",
  "LENGHTBLANK": "Lenght Value should not blank",
  "WIDTHBLANK": "Width Value should not blank",
  "PIECESNUMS": "Invalid entered No Of Pieces.",
  "HEIGHTNUMS": "Height must  be > 0",
  "LENGHTNUMS": "Length must  be > 0",
  "WIDTHNUMS": "Width must be > 0",
  "CUSTOMERDATA_NOSEARCH_SELECTION": "Enter either Customer Code or Customer Name"
}
