      {
        "planId": "",
        "sectionId": "Employee Information",
        "questions": [{
            "questionId": "Question1",
            "question": "Total Number of employees who received a W-2 during the plan year?",
            "isMendatory": true,
            "isDependant": false,
            "isDependentOn": {
              "question": "",
              "value": "no"
            },
            "Type": "NumberBox",
            "options": [],
            "MaxSelect": null,
            "selectedAnswer": ""
          },
          {
            "questionId": "Question2",
            "question": "Please indicate the amount or percentage of employer contribution for BPC to calculate.",
            "isMendatory": true,
            "isDependant": false,
            "isDependentOn": {
              "question": "",
              "value": "no"
            },
            "Type": "TextBox",
            "options": [],
            "MaxSelect": null,
            "selectedAnswer": ""
          },
          {
            "questionId": "Question3",
            "question": "Were any employees paid post-severance compensation following their termination? If so, list their post-severance compensation in the Severence Compensation column on the census. Please see the following link for the definition of severance compensation.",
            "isMendatory": false,
            "isDependant": false,
            "isDependentOn": {
              "question": "",
              "value": "no"
            },
            "Type": "SelectOne",
            "options": ["Yes", "No"],
            "MaxSelect": null,
            "selectedAnswer": ""
          },
          {
            "questionId": "Question4",
            "question": "Is there any classification of employees the Plan Sponsor excluded from the Plan?",
            "isMendatory": true,
            "isDependant": false,
            "isDependentOn": {
              "question": "",
              "value": "no"
            },
            "Type": "SelectOne",
            "options": ["Yes", "No"],
            "MaxSelect": null,
            "selectedAnswer": ""
          },
          {
            "questionId": "Question5",
            "question": "If yes, list who you excluded?",
            "isMendatory": true,
            "isDependant": true,
            "isDependentOn": {
              "question": "Question4",
              "value": "Yes"
            },
            "Type": "TextArea",
            "options": [],
            "MaxSelect": null,
            "selectedAnswer": ""
          },
          {
            "questionId": "Question6",
            "question": "I confirm I have read the DOL Deposit timing requirement rules in the attachment sent with this data request. For profit sharing only plans, please  go ahead and check this box even though you may not have salary deferral contributions as some profit sharing plans allow for loans and have loan repayments subject to these timing requirements",
            "isMendatory": true,
            "isDependant": false,
            "isDependentOn": {
              "question": "",
              "value": "no"
            },
            "Type": "SelectMulti",
            "options": ["Confirm", "May be", "No"],
            "MaxSelect": 2,
            "selectedAnswer": ""
          },
          {
            "questionId": "Question7",
            "question": "confirm I have read the DOL Deposit timing requirement rules in the attachment sent with this data request. For profit sharing only plans, please  go ahead and check this box even though you may not have salary deferral contributions as some profit sharing plans allow for loans and have loan repayments subject to these timing requirements",
            "isMendatory": true,
            "isDependant": false,
            "isDependentOn": {
              "question": "",
              "value": "no"
            },
            "Type": "SelectMulti",
            "options": ["Confirm", "Yes", "No", "NA"],
            "MaxSelect": 3,
            "selectedAnswer": ""
          }
        ]
      }
